point_id,timestamp,latitude,longitude,altitude,gps_status,position_covariance_type,decay_mode,front_distance,throttle_regulated,left_stick_y,right_stick_x,vesc_status,vesc_voltage_avg,vesc_voltage_one,vesc_voltages
1,46:05.5,42.4756585,-83.40308183,215.3,0,0,0,222.5944672,0,0.017560992,0,0,0.899999976,0.899999976,
2,46:06.8,42.47565533,-83.40308333,216.4,0,0,0,222.2060242,0,0.009304932,0,0,1.700000048,1.700000048,
3,46:08.1,42.4756515,-83.40308533,217.7,0,0,0,221.8012238,0,0.009304932,0,0,0.899999976,0.899999976,
4,46:09.4,42.47564767,-83.403087,218.9,0,0,0,222.6108246,0,0.009304932,0,0,0.899999976,0.899999976,
5,46:10.7,42.475644,-83.4030885,220,0,0,0,222.5944672,0,0.009304932,0,0,0.899999976,0.899999976,
6,46:12.0,42.4756425,-83.4030885,220.7,0,0,0,222.0547333,0,0.009304932,0,0,0.449999988,0.899999976,
7,46:13.3,42.4756405,-83.40308817,221.5,0,0,0,10000,0,0.009304932,0,0,0.449999988,0.899999976,
8,46:14.6,42.47563683,-83.4030895,222.6,0,0,0,97.29895782,0,0.009304932,0,0,0.899999976,0.899999976,
9,46:15.9,42.47563317,-83.403091,223.7,0,0,0,96.93504333,0,0.009304932,0,0,0.899999976,0.899999976,
10,46:17.2,42.4756295,-83.40309217,224.7,0,0,0,97.75282288,0,0.009304932,0,0,0,0.100000001,
11,46:18.5,42.47562717,-83.40309283,225.5,0,0,0,97.29486847,0,0.009304932,0,0,0.899999976,0.899999976,
12,46:19.8,42.47561683,-83.40309667,226.7,0,0,0,96.83282471,0,0.009304932,0,0,0.899999976,0.899999976,
13,46:21.1,42.4756095,-83.403097,227.8,0,0,0,97.20082092,0,0.009304932,0,0,0.899999976,0.899999976,
14,46:22.4,42.47560417,-83.40309783,227.8,0,0,0,97.19264221,0,0.009304932,0,0,0.449999988,0.899999976,
15,46:23.7,42.47559967,-83.40309883,228.3,0,0,0,96.83282471,0,0.009304932,0,0,0.899999976,0.899999976,
16,46:25.0,42.47559517,-83.40309917,228.9,0,0,0,97.27442169,0,0.009304932,0,0,0.899999976,0.899999976,
17,46:26.3,42.47559133,-83.4030975,229.7,0,0,0,97.29486847,0,0.009304932,0,0,0.899999976,0.899999976,
18,46:27.6,42.47558867,-83.40309817,230.8,0,0,0,97.34802246,0,0.009304932,0,0,0.899999976,0.899999976,
19,46:28.9,42.47558617,-83.40309933,231.8,0,0,0,97.40935516,0,0.009304932,0,0,0.899999976,0.899999976,
20,46:30.2,42.47558433,-83.40310017,232.7,0,0,0,97.81415558,0,0.009304932,0,0,0.899999976,0.899999976,
21,46:31.5,42.47558233,-83.4031015,233.6,0,0,0,97.83460236,0,0.009304932,0,0,0.899999976,0.899999976,
22,46:32.8,42.4755805,-83.40310233,234.4,0,0,0,97.80188751,0,0.017560992,0,0,1.700000048,1.700000048,
23,46:34.1,42.47557783,-83.40310367,235.2,0,0,0,89.17844391,0,0.034073111,0.504668534,0,4.199999809,6.199999809,
24,46:35.4,42.4755785,-83.40309967,235.4,0,0,0,69.03253937,0,0.050585233,1,0,17.39999962,10.10000038,
25,46:36.7,42.47557617,-83.40309683,236.1,0,0,0,237.9727325,0,0.042329174,1,0,16.625,8.399999619,
26,46:38.0,42.47557617,-83.40309667,236.6,0,0,0,223.0238037,0,0.042329174,0,0,3.400000095,3.400000095,
27,46:39.3,42.47557383,-83.40309833,237.4,0,0,0,114.4681549,0,0.025817052,0,0,2.5,2.5,
28,46:40.6,42.47557283,-83.4030985,238.2,0,0,0,117.493927,0,0.009304932,0,0,0.899999976,0.899999976,
29,46:41.9,42.47557183,-83.40309867,239,0,0,0,113.0002518,0,0.009304932,0,0,0.899999976,0.899999976,
30,46:43.2,42.475572,-83.40309883,239.5,0,0,0,4.383277893,0,0.017560992,0,0,1.700000048,1.700000048,
31,46:44.5,42.47557067,-83.40309917,240.3,0,0,0,110.3915482,0,0.009304932,0,0,0.449999988,0.899999976,
32,46:45.8,42.47557067,-83.40309917,240.7,0,0,0,212.2250671,0,0.009304932,0,0,0.449999988,0.899999976,
33,46:47.1,42.47556983,-83.40309917,241.4,0,0,0,109.5165253,0,0.034073111,0.339547336,0,2.549999952,3.400000095,
34,46:48.4,42.47556783,-83.40310017,242,0,0,0,107.5456848,0,0.034073111,0.339547336,0,22.69999886,84,
35,46:49.7,42.47556633,-83.40309533,242.1,0,0,0,102.7085419,0,0.034073111,0.405595809,0,4.150000095,5.599999905,
36,46:51.0,42.47556267,-83.4030885,242.6,0,0,0,90.38056946,0,0.042329174,0.711070001,0,3.349999905,5.800000191,
37,46:52.3,42.47556117,-83.403083,242.9,0,0,0,76.60514069,0,0.034073111,1,0,15.82500076,6.800000191,
38,46:53.6,42.4755595,-83.40307933,243.7,0,0,0,158.2068939,0,0.025817052,0,0,3.400000095,3.400000095,
39,46:54.9,42.47556,-83.403075,244.1,0,0,0,137.374054,0,0.058841292,0.397339731,0,5.849999905,8.199999809,
40,46:56.2,42.47555833,-83.4030755,244.8,0,0,0,246.5348511,0,0.058841292,0.876191199,0,5.850000381,11,
41,46:57.5,42.47555683,-83.40307533,245.4,0,0,0,90.02484131,0,0.025817052,0,0,5,5,
42,46:58.8,42.47555567,-83.40307517,246,0,0,0,194.6592407,0,0.10837765,-0.009272808,0,10.79999924,10.69999981,
43,47:00.1,42.47555583,-83.40307517,246.4,0,0,0,134.9043732,0,0.067097351,-0.017528867,0,6.649999619,6.5,
44,47:01.4,42.475557,-83.40307783,247.3,0,0,0,129.8014526,0,0.100121588,0,0,10,10,
45,47:02.7,42.47555483,-83.4030785,247.9,0,0,0,94.24047852,0,0.042329174,-0.504636407,0,5.050000191,2.5,
46,47:04.0,42.47555217,-83.40307817,248.6,0,0,0,83.29045868,0,0.042329174,-0.777086377,0,5,1,
47,47:05.3,42.47555,-83.40308183,249.5,0,0,0,77.87678528,0,0.10837765,-0.009272808,0,10,9.899999619,
48,47:06.6,42.4755465,-83.40308617,250.8,0,0,0,50.19098663,0,0.009304932,0,0,0.899999976,0.899999976,
49,47:07.9,42.47554517,-83.403088,251.7,0,0,0,38.49270248,0,0.034073111,0,0,2.5,2.5,
50,47:09.2,42.47554417,-83.403088,252.3,0,0,0,31.39032173,0,0.009304932,0,0,-0.449999958,-0.899999976,
51,47:10.5,42.47554233,-83.40308317,253.8,0,0,0,24.21025085,0,0.017560992,0,0,0.449999988,0.899999976,
52,47:11.8,42.47554017,-83.40307483,254.9,0,0,0,23.68687439,0,0.009304932,0,0,0.449999988,0.899999976,
53,47:13.1,42.47554083,-83.40307683,255.1,0,0,0,25.1670475,0,0.017560992,0,0,0.449999988,0.899999976,
54,47:14.4,42.47554,-83.4030785,256,0,0,0,111.7408752,0,0.017560992,0,0,0.899999976,0.899999976,
55,47:15.7,42.4755395,-83.40307933,256.7,0,0,0,109.5942154,0,0.017560992,0,0,1.700000048,1.700000048,
56,47:17.0,42.47553917,-83.40308017,257.3,0,0,0,109.6637268,0,0.009304932,0,0,1.700000048,1.700000048,
57,47:18.3,42.475539,-83.40307983,257.8,0,0,0,110.0276337,0,0.009304932,0,0,0.899999976,0.899999976,
58,47:19.6,42.475539,-83.40308067,258.4,0,0,0,109.6064835,0,0.009304932,0,0,0.449999988,0.899999976,
59,47:20.9,42.4755395,-83.4030825,259.1,0,0,0,109.5819473,0,0.009304932,0,0,0.899999976,0.899999976,
60,47:22.2,42.47553917,-83.4030825,259.5,0,0,0,109.201683,0,0.017560992,0,0,1.700000048,1.700000048,
61,47:23.5,42.47553883,-83.4030825,260,0,0,0,110.0153656,0,0.009304932,0,0,1.700000048,1.700000048,
62,47:24.8,42.47553867,-83.40308233,260.4,0,0,0,110.4569702,0,0.009304932,0,0,1.700000048,1.700000048,
63,47:26.1,42.47553833,-83.40308217,260.8,0,0,0,109.6596375,0,0.009304932,0,0,0.899999976,0.899999976,
64,47:27.4,42.47553783,-83.40308183,261.2,0,0,0,109.5860367,0,0.017560992,0,0,1.700000048,1.700000048,
65,47:28.7,42.47553767,-83.40308133,261.6,0,0,0,105.399025,0,0.009304932,0,0,1.700000048,1.700000048,
66,47:30.0,42.47554633,-83.40307933,261.8,0,0,0,105.0596466,0,0.009304932,0,0,0.899999976,0.899999976,
67,47:31.3,42.47555617,-83.40307633,262,0,0,0,105.5135117,0,0.009304932,0,0,1.700000048,1.700000048,
68,47:32.6,42.475564,-83.4030735,262.1,0,0,0,83.31907654,0,0.083609469,0,0,8.300000191,11.10000038,
69,47:33.9,42.475569,-83.40306933,262.3,0,0,0,143.5319061,0,0.133145824,-0.975231826,0,12.44999981,0.400000006,
70,47:35.2,42.47557017,-83.4030655,262.5,0,0,0,84.99552155,0,0.124889769,-0.521148503,0,12.39999962,5.900000095,
71,47:36.5,42.4755685,-83.40306767,262.8,0,0,0,279.9859619,0,0.124889769,0,0,12.39999962,12.39999962,
72,47:37.8,42.475567,-83.40306833,262.9,0,0,0,234.0514984,0,0.067097351,0,0,6.699999809,6.699999809,
73,47:39.1,42.47556733,-83.4030705,262.9,0,0,0,194.5733795,0,0.058841292,0,0,5,5,
74,47:40.4,42.47556617,-83.40307283,263.1,0,0,0,171.3403625,0,0.017560992,-0.521148503,0,1.699999928,0.800000012,
75,47:41.7,42.4755645,-83.40307433,263.3,0,0,0,134.7817078,0,0.10837765,-0.950463593,0,10.80000019,0.600000024,
76,47:43.0,42.47556333,-83.403077,263.5,0,0,0,139.71698,0,0.124889769,-0.84313482,0,11.64999962,1.899999976,
77,47:44.3,42.47555417,-83.40308067,263,0,0,0,85.73152161,0,0.174426123,-0.851390898,0,17.35000038,2.5,
78,47:45.6,42.47554533,-83.40308483,262.4,0,0,0,56.24661255,0,0.223962486,0.025817052,0,22.29999924,22.29999924,
79,47:46.9,42.47553883,-83.40309083,261.5,0,0,0,10000,0,0,0,0,24.79999924,24.70000076,
80,47:48.2,42.475535,-83.40309483,260.8,0,0,0,10000,0,0.067097351,0,0,7.5,7.5,
81,47:49.5,42.47553233,-83.40309767,259.9,0,0,0,10000,0,0.133145824,-0.933951497,0,4.150000095,0.400000006,
82,47:50.8,42.47552933,-83.40309783,258.9,0,0,0,10000,0,0.075353414,0,0,7.5,7.5,
83,47:52.1,42.47552567,-83.40309667,257.9,0,0,0,10000,0,0.067097351,0.554204881,0,7.5,11.60000038,
84,47:53.4,42.47552317,-83.403097,257.2,0,0,0,339.7653809,0,0.100121588,0.63676548,0,9.949998856,16.29999924,
85,47:54.7,42.47552133,-83.40310017,256.2,0,0,0,259.2553406,0,0.199194312,0.001048873,0,19.84999847,19.89999962,
86,47:56.0,42.47551983,-83.40310117,256.9,0,0,0,156.3464508,0,0.141401887,-0.512892425,0,14.94999981,6.900000095,
87,47:57.3,42.47551833,-83.40310333,257.2,0,0,0,81.60175323,0,0.116633713,0,0,11.60000038,11.60000038,
88,47:58.6,42.47551767,-83.403104,257.4,0,0,0,56.05443573,0,0.009304932,0,0,0.899999976,0.899999976,
89,47:59.9,42.47551667,-83.40310467,257.7,0,0,0,10000,0,0.009304932,0,0,0.899999976,0.899999976,
90,48:01.2,42.4755165,-83.4031055,257.8,0,0,0,10000,0,0.009304932,0,0,0.899999976,0.899999976,
91,48:02.5,42.475517,-83.4031065,257.8,0,0,0,10000,0,0.034073111,-0.438587904,0,2.549999952,1.399999976,
92,48:03.8,42.47551733,-83.40310683,257.9,0,0,0,87.26075745,0,0.058841292,-0.323003083,0,4.199999809,2.799999952,
93,48:05.1,42.47552433,-83.40310717,257.3,0,0,0,63.2099762,0,0.009304932,0,0,0.899999976,0.899999976,
94,48:06.4,42.475557,-83.40316983,230.7,0,0,0,4.052078724,0,0.009304932,0,0,0.899999976,0.899999976,
95,48:07.7,42.47558117,-83.40321817,210.2,0,0,0,2.743637562,0,0.001048873,0,0,-0.100000001,-0.100000001,
96,48:09.0,42.4755995,-83.40326017,194,0,0,0,57.97212219,0,0.001048873,0,0,0.050000001,0.100000001,
97,48:10.3,42.4756155,-83.40329567,180.8,0,0,0,2.723193169,0,0.001048873,0,0,-0.050000004,-0.100000001,
98,48:11.6,42.4756265,-83.40332467,169.8,0,0,0,39.66212463,0,0.001048873,0,0,-0.050000001,0.100000001,
99,48:12.9,42.47563067,-83.40334667,159.8,0,0,0,44.3561554,0,0.001048873,0,0,-0.050000001,-0.100000001,
100,48:14.2,42.475632,-83.40335817,151.2,0,0,0,57.41194534,0,0.001048873,0,0,0.050000001,0.100000001,
101,48:15.5,42.4756355,-83.4033695,143.2,0,0,0,36.85306168,0,0.001048873,0,0,-0.050000004,-0.100000001,
102,48:16.8,42.47564333,-83.40337333,136,0,0,0,2.776348591,0,0.001048873,0,0,0,0.100000001,
103,48:18.1,42.475648,-83.403381,129.6,0,0,0,6.99198246,0,0.001048873,0,0,0,0.100000001,
104,48:19.4,42.47565233,-83.40338867,124.1,0,0,0,10000,0,0.001048873,0,0,-0.050000001,0.100000001,
105,48:20.7,42.47566017,-83.40340667,119.1,0,0,0,10000,0,0.025817052,0,0,2.5,2.5,
106,48:22.0,42.475664,-83.403421,114.8,0,0,0,10000,0,0.133145824,0,0,13.30000019,13.30000019,
107,48:23.3,42.47566217,-83.40343133,110.9,0,0,0,10000,0,0.133145824,0,0,13.30000019,13.30000019,
108,48:24.6,42.4756605,-83.403443,107.5,0,0,0,10000,0,0.256986737,0.050585233,0,24.85000038,25.29999924,
109,48:25.9,42.47565883,-83.40345617,104.5,0,0,0,10000,0,0.306523085,0,0,24.79999924,24.79999924,
110,48:27.2,42.47565733,-83.40346667,101.7,0,0,0,63.45939636,0,0.356059432,0.611997306,0,35.54999924,50,
111,48:28.5,42.47565617,-83.4034715,99.2,0,0,0,10000,0,0.422107935,0,0,35.54999924,50,
112,48:29.8,42.475655,-83.403478,96.9,0,0,0,10000,0,0.20745036,0.256986737,0,12.45000076,13,
113,48:31.1,42.47565317,-83.40348733,94.7,0,0,0,10000,0,0.133145824,0.463388234,0,13.25,15,
114,48:32.4,42.47565017,-83.40349117,94.9,0,0,0,10000,0,0.133145824,-0.669757605,0,13.25,8.5,
115,48:33.7,42.47564867,-83.4034975,95.1,0,0,0,10000,0,0.133145824,-0.669757605,0,13.25,4.300000191,
116,48:35.0,42.47564883,-83.403507,95.5,0,0,0,10000,0,0.133145824,-0.669757605,0,13.25,4.300000191,
117,48:36.3,42.47565117,-83.40352133,93.1,0,0,0,10000,0,0.133145824,-0.669757605,0,13.25,4.300000191,
118,48:37.6,42.47564983,-83.40353283,91,0,0,0,10000,0,0.133145824,-0.669757605,0,13.25,4.300000191,
119,48:38.9,42.47565183,-83.403537,89.1,0,0,0,10000,0,0,0,0,24.64999962,24.5,
120,48:40.2,42.47565467,-83.4035415,87.3,0,0,0,10000,0,0.174426123,0,0,19,19,
121,48:41.5,42.47566217,-83.4035445,85.5,0,0,0,10000,0,0.116633713,0,0,11.60000038,11.60000038,
122,48:42.8,42.475667,-83.40355367,83.8,0,0,0,10000,0,0.199194312,0,0,19.89999962,19.89999962,
123,48:44.1,42.47567717,-83.40356217,82.1,0,0,0,10000,0,0.157914013,-0.578940928,0,15.74999905,6.699999809,
124,48:45.4,42.47568633,-83.40356983,80.5,0,0,0,10000,0,0.232218549,-0.446843982,0,22.35000038,12.80000019,
125,48:46.7,42.47569383,-83.40357633,79.1,0,0,0,10000,0,0.20745036,-0.405563682,0,20.70000076,10.60000038,
126,48:48.0,42.47569967,-83.40358167,77.8,0,0,0,10000,0,0.199194312,0,0,19.89999962,19.89999962,
127,48:49.3,42.475703,-83.4035845,76.6,0,0,0,10000,0,0.199194312,0,0,19.89999962,19.89999962,
128,48:50.6,42.4757045,-83.40358417,75.4,0,0,0,10000,0,0.199194312,0,0,19.89999962,19.89999962,
129,48:51.9,42.47570533,-83.40358317,74.4,0,0,0,10000,0,0.199194312,-0.273466706,0,19.84999847,12.39999962,
130,48:53.2,42.47570433,-83.40358033,73.5,0,0,0,10000,0,0.215706423,0,0,22.29999924,22.29999924,
131,48:54.5,42.47570167,-83.40357583,72.5,0,0,0,10000,0,0.166170076,0,0,15.69999981,15.69999981,
132,48:55.8,42.47569967,-83.4035685,71.6,0,0,0,10000,0,0.141401887,1,0,27.32500076,31.5,
133,48:57.1,42.47570183,-83.4035665,70.8,0,0,0,10000,0,0.223962486,0,0,23.20000076,23.20000076,
134,48:58.4,42.475706,-83.40356667,70,0,0,0,10000,0,0.199194312,0,0,19,19,
135,48:59.7,42.4757095,-83.40357567,69.2,0,0,0,10000,0,0.141401887,0,0,14.10000038,14.10000038,
136,49:01.0,42.4757205,-83.4035795,68.5,0,0,0,10000,0,0.083609469,-0.529404581,0,8.300000191,1.600000024,
137,49:02.3,42.4757265,-83.40359267,67.6,0,0,0,10000,0,0.141401887,0,0,13.30000019,13.30000019,
138,49:03.6,42.47572967,-83.40360717,66.8,0,0,0,10000,0,0.124889769,-0.521148503,0,14.10000038,6.699999809,
139,49:04.9,42.47572917,-83.40362317,65.9,0,0,0,10000,0,0.067097351,0,0,6.699999809,6.699999809,
140,49:06.2,42.47572867,-83.403639,65.1,0,0,0,10000,0,0.075353414,0,0,7.5,7.5,
141,49:07.5,42.47573233,-83.40365633,64.3,0,0,0,55.80092621,0,0.075353414,0,0,7.224999905,6.400000095,
142,49:08.8,42.47574217,-83.40366533,63.5,0,0,0,63.41441727,0,0.075353414,0,0,7.5,7.5,
143,49:10.1,42.47573883,-83.4036725,62.7,0,0,0,10000,0,0.083609469,-0.537660658,0,7.5,3.5,
144,49:11.4,42.47573467,-83.40368667,62.1,0,0,0,10000,0,0.133145824,-0.504636407,0,13.25,6.400000095,
145,49:12.7,42.475733,-83.40369217,61.5,0,0,0,10000,0,0.20745036,-0.620221257,0,20.70000076,7.699999809,
146,49:14.0,42.475733,-83.40371267,61.2,0,0,0,10000,0,0.248730659,-0.686269701,0,24.85000038,8,
147,49:15.3,42.47572967,-83.403726,61.4,0,0,0,10000,0,0.248730659,0,0,24.79999924,24.79999924,
148,49:16.6,42.47572367,-83.403738,61.7,0,0,0,10000,0,0.256986737,0,0,25.60000038,25.60000038,
149,49:17.9,42.47571867,-83.40375267,61.3,0,0,0,10000,0,0.166170076,0.050585233,0,16.60000038,17.70000076,
150,49:19.2,42.47571733,-83.40375767,60.8,0,0,0,10000,0,0.124889769,0,0,16.60000038,16.60000038,
151,49:20.5,42.47571467,-83.403767,60.4,0,0,0,10000,0,0.009304932,0,0,0.899999976,0.899999976,
152,49:21.8,42.475716,-83.403779,60,0,0,0,10000,0,0.009304932,0,0,1.700000048,1.700000048,
153,49:23.1,42.47571433,-83.40379133,59.6,0,0,0,10000,0,0.009304932,0,0,0.449999988,0.899999976,
154,49:24.4,42.4757125,-83.40379583,59.3,0,0,0,10000,0,0.017560992,0,0,0.899999976,0.899999976,
155,49:25.7,42.47570883,-83.40380667,58.9,0,0,0,10000,0,0.009304932,0,0,1.700000048,1.700000048,
156,49:27.0,42.47570117,-83.40381733,58.7,0,0,0,10000,0,0.009304932,0,0,0.899999976,0.899999976,
157,49:28.3,42.47569283,-83.40382783,58.4,0,0,0,10000,0,0.009304932,0,0,0.899999976,0.899999976,
158,49:29.6,42.47568567,-83.40384133,58.1,0,0,0,10000,0,0.009304932,0,0,0,-0.899999976,
159,49:30.9,42.47567883,-83.40385317,57.8,0,0,0,10000,0,0.009304932,0,0,0.449999988,0.899999976,
160,49:32.2,42.47567367,-83.40386133,57.4,0,0,0,10000,0,0.025817052,0,0,2.5,2.5,
161,49:33.5,42.47566667,-83.403872,57.1,0,0,0,10000,0,0.10837765,0,0,10.80000019,10.80000019,
162,49:34.8,42.47566433,-83.40388083,56.7,0,0,0,10000,0,0.10837765,0,0,10.80000019,10.80000019,
163,49:36.1,42.47566167,-83.40388933,56.3,0,0,0,10000,0,0.091865532,0,0,9.100000381,9.100000381,
164,49:37.4,42.475659,-83.40389717,55.9,0,0,0,10000,0,0.091865532,0,0,9.100000381,9.100000381,
165,49:38.7,42.47566117,-83.4039005,55.5,0,0,0,10000,0,0.083609469,0,0,7.5,7.5,
166,49:40.0,42.47566733,-83.403902,55.1,0,0,0,10000,0,0.042329174,-0.174393997,0,3.349999905,2.799999952,
167,49:41.3,42.47567483,-83.40390283,54.9,0,0,0,10000,0,0.042329174,0.834910929,0,4.150000095,7.699999809,
168,49:42.6,42.47567583,-83.403905,54.5,0,0,0,10000,0,0.116633713,0.058841292,0,11.60000038,12.19999981,
169,49:43.9,42.47568067,-83.40390833,54.2,0,0,0,10000,0,0.133145824,0,0,14.10000038,14.10000038,
170,49:45.2,42.47568633,-83.40391183,54,0,0,0,10000,0,0.20745036,0.058841292,0,20.70000076,22.10000038,
171,49:46.5,42.47568683,-83.403913,53.7,0,0,0,10000,0,0.223962486,-0.001016748,0,21.5,21.5,
172,49:47.8,42.47569133,-83.403908,53.4,0,0,0,10000,0,0.083609469,0.545948803,0,8.300000191,12.89999962,
173,49:49.1,42.47569383,-83.4039035,53.1,0,0,0,10000,0,0.215706423,0.273498833,0,22.34999847,29,
174,49:50.4,42.47569617,-83.40390533,52.9,0,0,0,10000,0,0.133145824,0.876191199,0,13.25000095,24.60000038,
175,49:51.7,42.47569783,-83.403907,52.7,0,0,0,10000,0,0.157914013,0.050585233,0,13.25,14,
176,49:53.0,42.475699,-83.40390883,52.5,0,0,0,10000,0,0,0,0,24.79999924,24.70000076,
177,49:54.3,42.4756995,-83.40391133,52.3,0,0,0,10000,-1,-0.042297047,0.017560992,0,18.42500114,77.90000153,
178,49:55.6,42.47569767,-83.4039115,52.2,0,0,0,10000,0,0,0,0,24.85000038,24.70000076,
179,49:56.9,42.4756945,-83.403911,52,0,0,0,10000,0,0,0.001048873,0,24.89999771,24.79999924,
180,49:58.2,42.475685,-83.40390817,51.9,0,0,0,10000,0,0,0.001048873,0,24.89999771,24.79999924,
181,49:59.5,42.4756815,-83.4039075,51.7,0,0,0,10000,0,0,0.001048873,0,24.89999771,24.79999924,
182,50:00.8,42.47567667,-83.40390817,51.6,0,0,0,10000,0,0,0,0,24.89999771,24.79999924,
183,50:02.1,42.475671,-83.4039075,51.5,0,0,0,10000,0,0.091865532,0,0,9.100000381,9.100000381,
184,50:03.4,42.47565717,-83.403908,51.7,0,0,0,10000,0,0.083609469,0.025817052,0,8.299999237,5.699999809,
185,50:04.7,42.47564233,-83.403909,51.6,0,0,0,10000,0,0.133145824,0.512924552,0,12.44999886,19.79999924,
186,50:06.0,42.47563117,-83.40391217,51.6,0,0,0,10000,0,0.141401887,0.281754911,0,14.10000038,18.10000038,
187,50:07.3,42.47562467,-83.40391483,51.5,0,0,0,10000,0,0.141401887,0.281754911,0,14.10000038,18.10000038,
188,50:08.6,42.475626,-83.40392017,51.4,0,0,0,10000,0,0,0.017560992,0,24.85000038,24.70000076,
189,50:09.9,42.47562117,-83.40392683,51.3,0,0,0,10000,0,0,0.017560992,0,24.89999771,24.79999924,
190,50:11.2,42.47562267,-83.40393533,51.6,0,0,0,10000,0,0,0.009304932,0,24.89999771,24.79999924,
191,50:12.5,42.47561717,-83.4039465,51.5,0,0,0,10000,0,0,0.017560992,0,24.89999771,24.79999924,
192,50:13.8,42.475607,-83.4039535,51.5,0,0,0,10000,0,0,0.009304932,0,24.89999771,24.79999924,
193,50:15.1,42.47559917,-83.403958,51.6,0,0,0,10000,0,0,0.009304932,0,24.95000076,24.79999924,
194,50:16.4,42.47559533,-83.4039605,51.9,0,0,0,10000,0,0,0.001048873,0,24.92499924,24.79999924,
195,50:17.7,42.47560083,-83.4039625,52.9,0,0,0,10000,0,0,0.001048873,0,24.95000076,24.79999924,
196,50:19.0,42.47560183,-83.40396567,53.5,0,0,0,44.8141098,0,0,0.009304932,0,24.95000076,24.79999924,
197,50:20.3,42.47559917,-83.40396433,53.8,0,0,0,45.22299957,0,0,0.009304932,0,24.95000076,24.79999924,
198,50:21.6,42.475595,-83.40396517,53.3,0,0,0,45.66459656,0,0,0.017560992,0,24.97499847,24.89999962,
199,50:22.9,42.4755925,-83.4039615,53,0,0,0,57.48554611,0,0,0.009304932,0,24.97499847,24.89999962,
200,50:24.2,42.47558833,-83.40395767,52.7,0,0,0,47.87258911,0,0,0.009304932,0,24.97499847,24.89999962,
201,50:25.5,42.47558183,-83.40395483,52.3,0,0,0,43.19491577,0,0,0.009304932,0,24.97499847,24.89999962,
202,50:26.8,42.475577,-83.403953,52.1,0,0,0,10000,0,0,0.017560992,0,24.97499847,24.89999962,
203,50:28.1,42.475573,-83.403952,51.8,0,0,0,10000,0,0,0.009304932,0,24.97499847,24.89999962,
204,50:29.4,42.47556767,-83.40395133,51.5,0,0,0,50.97605133,0,0,0.009304932,0,24.97499847,24.89999962,
205,50:30.7,42.4755635,-83.40395233,51.3,0,0,0,57.61230087,0,0,0.001048873,0,25,24.89999962,
206,50:32.0,42.4755525,-83.40395333,51.1,0,0,0,10000,0,0,0.009304932,0,24.97499847,24.89999962,
207,50:33.3,42.47554817,-83.4039535,50.9,0,0,0,50.48538589,0,0,0.009304932,0,24.97499847,24.89999962,
208,50:34.6,42.4755385,-83.4039525,50.7,0,0,0,53.90368652,0,0,0.017560992,0,24.97499847,24.89999962,
209,50:35.9,42.47553483,-83.403952,50.6,0,0,0,57.60003281,0,0,0.009304932,0,25,24.89999962,
210,50:37.2,42.4755365,-83.40395533,50.5,0,0,0,10000,0,0,0.017560992,0,24.97499847,24.89999962,
211,50:38.5,42.4755385,-83.40396,50.3,0,0,0,50.30138397,0,0,0.009304932,0,24.97499847,24.89999962,
212,50:39.8,42.4755375,-83.40396333,50.2,0,0,0,37.35599518,0,0,0.009304932,0,25,24.89999962,
213,50:41.1,42.47552633,-83.40396767,50.1,0,0,0,10000,0,0,0.009304932,0,25,24.89999962,
214,50:42.4,42.4755205,-83.40397367,50.2,0,0,0,10000,0,0,0.001048873,0,24.97499847,24.89999962,
215,50:43.7,42.47553117,-83.40397933,50.3,0,0,0,10000,0,0,0.017560992,0,25,24.89999962,
216,50:45.0,42.47553267,-83.403979,50.3,0,0,0,10000,0,0,0.009304932,0,25,24.89999962,
217,50:46.3,42.47553417,-83.403979,50.4,0,0,0,10000,0,0.009304932,0.017560992,0,0.899999976,0.899999976,
218,50:47.6,42.47553733,-83.4039805,50.5,0,0,0,10000,0,0.075353414,0,0,7.5,7.5,
219,50:48.9,42.4755285,-83.4039815,50.6,0,0,0,128.9427948,0,0.001048873,0,0,-0.050000001,0.100000001,
220,50:50.2,42.4755225,-83.4039845,50.8,0,0,0,10000,-1,-0.166137949,0,0,-15.75,-15.89999962,
221,50:51.5,42.475516,-83.40399733,50.9,0,0,0,10000,-1,-0.182650059,-0.017528867,0,-18.20000076,-18.20000076,
222,50:52.8,42.47551833,-83.40400833,49.9,0,0,0,10000,-1,-0.157881886,0,0,-14.89999962,-14.89999962,
223,50:54.1,42.47550917,-83.404015,50.1,0,0,0,10000,-1,-0.157881886,0,0,-14.89999962,-14.89999962,
224,50:55.4,42.47551083,-83.4040315,50.3,0,0,0,81.91659546,-1,-0.174393997,0.001048873,0,-17.40000153,-17.60000038,
225,50:56.7,42.47550783,-83.4040585,51.2,0,0,0,10000,-1,-0.108345523,0.042329174,0,-10.75,-11.19999981,
226,50:58.0,42.475494,-83.4040905,51.9,0,0,0,10000,0,0,0.025817052,0,24.89999771,24.79999924,
227,50:59.3,42.47548533,-83.40411467,51.6,0,0,0,10000,0,0,0.025817052,0,24.89999771,24.79999924,
228,51:00.6,42.4754895,-83.40412217,51.5,0,0,0,10000,0,0,0.017560992,0,24.95000076,24.79999924,
229,51:01.9,42.47548333,-83.40413183,52.1,0,0,0,10000,0,0,0.009304932,0,24.95000076,24.79999924,
230,51:03.2,42.47547817,-83.40414017,52.7,0,0,0,10000,0,0,0.025817052,0,24.95000076,24.79999924,
231,51:04.5,42.47547383,-83.40414717,53.3,0,0,0,10000,0,0.058841292,0.034073111,0,5.800000191,5.900000095,
232,51:05.8,42.47546967,-83.40415233,53.9,0,0,0,10000,0,0.455132157,0.001048873,0,45.5,45.5,
233,51:07.1,42.475466,-83.4041565,54.6,0,0,0,10000,0,0,0,0,24.87499809,24.79999924,
234,51:08.4,42.47546167,-83.40415917,55.2,0,0,0,10000,-1,-0.034040987,0,0,-3.400000095,-3.400000095,
235,51:09.7,42.4754585,-83.4041555,55.8,0,0,0,10000,-1,-0.331259131,-0.405563682,0,-3.400000095,-3.400000095,
236,51:11.0,42.47545583,-83.4041525,56.4,0,0,0,10000,-1,-0.182650059,-0.504636407,0,-18.20000076,-9.100000381,
237,51:12.3,42.4754525,-83.40414867,57,0,0,0,10000,0,0,0,0,24.77499962,24.70000076,
238,51:13.6,42.47544817,-83.4041425,57.6,0,0,0,10000,-1,-0.182650059,0,0,-8.575000763,-7.099999905,
239,51:14.9,42.47544283,-83.40413767,58.2,0,0,0,10000,0,0,0,0,24.75,24.60000038,
240,51:16.2,42.47542967,-83.404132,58.9,0,0,0,10000,0,0.223962486,0,0,21.5,21.5,
241,51:17.5,42.47542483,-83.404126,59.6,0,0,0,10000,0,0,0,0,24.75,24.60000038,
242,51:18.8,42.475421,-83.40412333,60.3,0,0,0,10000,-1,-0.199162185,0,0,-19,-19,
243,51:20.1,42.475417,-83.40412017,61,0,0,0,10000,0,0,0,0,24.67500114,24.60000038,
244,51:21.4,42.47541417,-83.40411683,61.6,0,0,0,10000,0,0,0,0,24.70000076,24.60000038,
245,51:22.7,42.4754105,-83.4041205,62.4,0,0,0,10000,0,0,0,0,24.79999924,24.70000076,
246,51:24.0,42.47540733,-83.404124,63.4,0,0,0,10000,0,0,0,0,24.85000038,24.70000076,
247,51:25.3,42.47540233,-83.40413383,64.5,0,0,0,10000,0,0,0,0,24.87499809,24.79999924,
248,51:26.6,42.47539533,-83.4041395,65.8,0,0,0,10000,0,0,0,0,24.87499809,24.79999924,
249,51:27.9,42.47538517,-83.4041455,67.4,0,0,0,10000,0,0,0,0,24.89999771,24.79999924,
250,51:29.2,42.475371,-83.40415383,68.7,0,0,0,10000,0,0,0,0,24.89999771,24.79999924,
251,51:30.5,42.47536633,-83.40415817,70.1,0,0,0,10000,0,0,0,0,24.89999771,24.79999924,
252,51:31.8,42.4753675,-83.40416083,71.7,0,0,0,10000,0,0,0,0,24.89999771,24.79999924,
253,51:33.1,42.47536783,-83.40416367,73.4,0,0,0,10000,0,0,0,0,24.95000076,24.79999924,
254,51:34.4,42.47536633,-83.4041645,75.4,0,0,0,10000,0,0,0,0,24.92499924,24.79999924,
255,51:35.7,42.47536333,-83.404166,77.2,0,0,0,10000,0,0.116633713,0.768862426,0,1.25,-19,
256,51:37.0,42.47535967,-83.4041695,79.4,0,0,0,10000,0,0.133145824,-0.793598473,0,13.25,2.599999905,
257,51:38.3,42.475358,-83.40417433,81.7,0,0,0,10000,0,0.256986737,-0.694525778,0,24,7.300000191,
258,51:39.6,42.475356,-83.404177,84,0,0,0,10000,0,0.331291258,-0.686269701,0,32.25,10.10000038,
259,51:40.9,42.4753475,-83.40416933,86.2,0,0,0,10000,0,0.339547336,-0.678013623,0,33.90000153,10.89999962,
260,51:42.2,42.475349,-83.4041625,88.5,0,0,0,10000,0,0.347803384,-0.521148503,0,34.70000076,16,
261,51:43.5,42.47533867,-83.404151,90.7,0,0,0,10000,0,0.314779133,-0.380795509,0,30.60000038,19.70000076,
262,51:44.8,42.475341,-83.40414583,93.2,0,0,0,10000,0,0.314779133,0,0,28.10000038,28.10000038,
263,51:46.1,42.47534683,-83.40414233,96.1,0,0,0,10000,0,0.446876109,0,0,43,43,
264,51:47.4,42.4753525,-83.40412783,99.8,0,0,0,10000,0,0.20745036,0,0,20.70000076,20.70000076,
265,51:48.7,42.4753545,-83.4041105,103.2,0,0,0,10000,0,0,0,0,24.625,24.5,
266,51:50.0,42.47535817,-83.40409367,106.7,0,0,0,10000,-1,-0.281722784,0,0,-28.10000038,-28.10000038,
267,51:51.3,42.47536183,-83.40407667,110.2,0,0,0,10000,-1,-0.199162185,0,0,-19.89999962,-19.89999962,
268,51:52.6,42.47536667,-83.40406017,113.8,0,0,0,10000,-1,-0.273466706,0,0,-26.5,-26.5,
269,51:53.9,42.4753715,-83.4040435,117.3,0,0,0,10000,0,0,0,0,0,0.100000001,
270,51:55.2,42.4753765,-83.40402683,120.8,0,0,0,10000,0,0.100121588,0,0,8.300000191,8.300000191,
271,51:56.5,42.475382,-83.40401033,124.4,0,0,0,10000,0,0.116633713,-0.042297047,0,10.80000019,10.80000019,
272,51:57.8,42.475393,-83.4039845,128.6,0,0,0,10000,0,0.124889769,0.620253384,0,12.45000076,20.20000076,
273,51:59.1,42.475403,-83.40396,132.3,0,0,0,10000,0,0.116633713,-0.983487844,0,11.60000038,0.200000003,
274,52:00.4,42.4754095,-83.40392783,136.4,0,0,0,10000,0,0.174426123,-0.752318203,0,-7.375000477,-85.90000153,
275,52:01.7,42.4754115,-83.40388733,140.8,0,0,0,10000,0,0.223962486,-0.545916677,0,25.65000153,11.60000038,
276,52:03.0,42.475416,-83.403843,145.2,0,0,0,10000,0,0.430363983,-0.669757605,0,42.15000153,13.89999962,
277,52:04.3,42.47542733,-83.40380133,150.3,0,0,0,10000,0,0.240474612,0,0,27.875,28,
278,52:05.6,42.47543533,-83.40377,154,0,0,0,10000,0,0.124889769,-0.331259131,0,13.29999924,10,
279,52:06.9,42.47544467,-83.403746,157.7,0,0,0,10000,0,0.240474612,-0.603709102,0,24.79999924,9.800000191,
280,52:08.2,42.475452,-83.40372517,161.5,0,0,0,215.3694153,0,0.215706423,-0.512892425,0,20.70000076,8.5,
281,52:09.5,42.4754605,-83.40370767,165,0,0,0,10000,0,0.190938249,-0.818366647,0,19.04999924,6.099999905,
282,52:10.8,42.47546883,-83.40369,168.4,0,0,0,10000,0,0.009304932,0,0,-0.100000001,-0.100000001,
283,52:12.1,42.47547683,-83.40367217,171.9,0,0,0,10000,0,0.009304932,0,0,0.899999976,0.899999976,
284,52:13.4,42.475485,-83.40365517,175.2,0,0,0,10000,0,0.009304932,0,0,0.899999976,0.899999976,
285,52:14.7,42.47549283,-83.40363783,178.5,0,0,0,66.80818939,0,0.009304932,0,0,0.449999988,0.899999976,
286,52:16.0,42.47549833,-83.40362167,181.2,0,0,0,10000,0,0.009304932,0,0,0.899999976,0.899999976,
287,52:17.3,42.47550583,-83.40360167,184.7,0,0,0,10000,0,0.009304932,0,0,0.899999976,0.899999976,
288,52:18.6,42.47551217,-83.40358533,187.3,0,0,0,10000,0,0.009304932,0,0,0.449999988,0.899999976,
289,52:19.9,42.4755205,-83.40356567,190.8,0,0,0,10000,0,0.001048873,0,0,0.899999976,0.899999976,
290,52:21.2,42.47552833,-83.40354617,194.2,0,0,0,10000,0,0.009304932,0,0,0.899999976,0.899999976,
291,52:22.5,42.47553483,-83.40352483,197.8,0,0,0,10000,0,0.009304932,0,0,0.899999976,0.899999976,
292,52:23.8,42.4755405,-83.40350433,201.3,0,0,0,10000,0,0.133145824,0,0,6.474999905,6.400000095,
293,52:25.1,42.47554633,-83.40347833,205,0,0,0,10000,0,0.075353414,-0.793598473,0,7.5,1.799999952,
294,52:26.4,42.475551,-83.40345467,208.2,0,0,0,10000,0,0.091865532,-0.826622725,0,9.100000381,1.5,
295,52:27.7,42.47556067,-83.40342967,211.8,0,0,0,10000,0,0.174426123,-0.752318203,0,17.39999962,3.400000095,
296,52:29.0,42.47556683,-83.40341017,214.6,0,0,0,10000,0,0.20745036,-0.595453024,0,19.85000038,8,
297,52:30.3,42.47557383,-83.403377,219.5,0,0,0,10000,0,0.124889769,0,0,13.30000019,13.30000019,
298,52:31.6,42.47558033,-83.40335633,223.9,0,0,0,10000,0,0.133145824,-0.389051557,0,14.04999924,8.199999809,
299,52:32.9,42.4755875,-83.4033335,228.4,0,0,0,10000,0,0.141401887,-0.380795509,0,13.30000019,8.899999619,
300,52:34.2,42.47559717,-83.40331683,232.2,0,0,0,10000,0,0.091865532,0,0,9.100000381,9.100000381,
301,52:35.5,42.47562017,-83.40328967,236.8,0,0,0,10000,0,0.174426123,0,0,18.20000076,18.20000076,
302,52:36.8,42.47563317,-83.40326433,240.6,0,0,0,10000,0,0.215706423,-0.025784928,0,21.5,21.10000038,
303,52:38.1,42.47563933,-83.4032395,244.2,0,0,0,10000,0,0.166170076,0.042329174,0,16.54999924,17.39999962,
304,52:39.4,42.475646,-83.403216,247.5,0,0,0,10000,0,0.174426123,-0.050553106,0,17.39999962,16.70000076,
305,52:40.7,42.475654,-83.4031895,250.3,0,0,0,10000,0,0.174426123,-0.41381973,0,17.39999962,11.19999981,
306,52:42.0,42.47566133,-83.40317317,252.3,0,0,0,10000,0,0.182682186,-0.364283383,0,18.20000076,11.69999981,
307,52:43.3,42.47566283,-83.40316517,253.6,0,0,0,10000,0,0.248730659,0,0,24,24,
308,52:44.6,42.47566433,-83.403155,254.2,0,0,0,10000,0,0.248730659,0,0,24,24,
309,52:45.9,42.47566767,-83.40314933,254.9,0,0,0,10000,0,0.182682186,0,0,17.39999962,17.39999962,
310,52:47.2,42.475674,-83.40314683,255.7,0,0,0,10000,0,0.190938249,0,0,18.20000076,18.20000076,
311,52:48.5,42.47567383,-83.40314483,256.2,0,0,0,10000,0,0.232218549,0,0,22.29999924,22.29999924,
312,52:49.8,42.4756745,-83.4031455,256.8,0,0,0,10000,0,0.232218549,-0.009272808,0,24,23.60000038,
313,52:51.1,42.47567533,-83.403146,257.5,0,0,0,10000,0,0.20745036,0.050585233,0,20.70000076,30,
314,52:52.4,42.47567483,-83.40314533,257.8,0,0,0,10000,0,0.248730659,0.001048873,0,24.85000038,25.29999924,
315,52:53.7,42.47567517,-83.40314483,257.9,0,0,0,10000,0,0.248730659,0.042329174,0,24,25.20000076,
316,52:55.0,42.4756755,-83.403143,258,0,0,0,10000,0,0.248730659,0.025817052,0,24.84999847,25.5,
317,52:56.3,42.47567667,-83.40314183,258.2,0,0,0,10000,0,0.306523085,0.042329174,0,30.59999847,31.89999962,
318,52:57.6,42.4756775,-83.40314083,258.3,0,0,0,10000,0,0.256986737,0.182682186,0,25.64999962,30.29999924,
319,52:58.9,42.4756795,-83.40313933,258.4,0,0,0,10000,0,0.248730659,0,0,24.79999924,24.79999924,
320,53:00.2,42.4756815,-83.403139,258.5,0,0,0,10000,0,0.281754911,0,0,28.10000038,28.10000038,
321,53:01.5,42.4756835,-83.403138,258.6,0,0,0,10000,0,0.256986737,0,0,25.60000038,25.60000038,
322,53:02.8,42.47568567,-83.40313733,258.7,0,0,0,10000,0,0.314779133,0.042329174,0,31.45000076,32.5,
323,53:04.1,42.47568733,-83.40313683,258.7,0,0,0,10000,0,0.273498833,0.025817052,0,27.29999924,28,
324,53:05.4,42.4756875,-83.403136,258.7,0,0,0,10000,0,0.256986737,0.083609469,0,25.64999962,27.79999924,
325,53:06.7,42.47569383,-83.40313383,258.2,0,0,0,10000,0,0.256986737,0.058841292,0,25.64999962,27.20000076,
326,53:08.0,42.47570033,-83.4031325,257.9,0,0,0,10000,0,0.256986737,0.133145824,0,25.65000153,28.60000038,
327,53:09.3,42.47570667,-83.40313233,257.6,0,0,0,10000,0,0.265242785,0.223962486,0,27.29999924,33.40000153,
328,53:10.6,42.4757115,-83.403132,257.5,0,0,0,10000,0,0.256986737,0,0,25.65000153,26.5,
329,53:11.9,42.47571183,-83.40313167,257.6,0,0,0,10000,0,0.306523085,0,0,30.59999847,30.89999962,
330,53:13.2,42.475712,-83.40313133,257.6,0,0,0,10000,0,0.306523085,0.001048873,0,28.14999962,28.39999962,
331,53:14.5,42.47571183,-83.40313133,257.6,0,0,0,10000,0,0.281754911,0,0,27.29999924,27.29999924,
332,53:15.8,42.47571167,-83.40313117,257.6,0,0,0,10000,0,0.347803384,0.017560992,0,33.90000153,34.79999924,
333,53:17.1,42.4757115,-83.403131,257.6,0,0,0,10000,0,0.273498833,0.025817052,0,27.29999924,27.60000038,
334,53:18.4,42.47571167,-83.403131,257.6,0,0,0,10000,0,0.298267037,0.017560992,0,29.75,29.79999924,
335,53:19.7,42.47571167,-83.40313117,257.7,0,0,0,10000,0,0.256986737,0.017560992,0,25.64999962,25.89999962,
336,53:21.0,42.4757115,-83.40313133,257.8,0,0,0,10000,0,0.331291258,0.009304932,0,33.04999924,33.90000153,
337,53:22.3,42.4757115,-83.40313167,257.8,0,0,0,10000,0,0.430363983,0.017560992,0,42.95000076,43.70000076,
338,53:23.6,42.47571117,-83.40313217,257.8,0,0,0,10000,0,0.256986737,0.025817052,0,25.65000153,26.5,
339,53:24.9,42.475711,-83.40313267,257.8,0,0,0,10000,0,0.281754911,0.157914013,0,28.10000038,31.60000038,
340,53:26.2,42.47571083,-83.40313333,257.8,0,0,0,10000,0,0.248730659,0.248730659,0,24.79999924,31,
341,53:27.5,42.47571017,-83.403134,257.8,0,0,0,10000,0,0.223962486,-0.14136976,0,7.124999523,-38.90000153,
342,53:28.8,42.47571,-83.4031345,257.7,0,0,0,10000,0,0.256986737,-0.025784928,0,25.65000153,25,
343,53:30.1,42.47570967,-83.40313467,257.6,0,0,0,10000,0,0.223962486,-0.323003083,0,23.15000153,13.89999962,
344,53:31.4,42.4757095,-83.40313517,257.6,0,0,0,10000,0,0.256986737,0,0,24.79999924,24.79999924,
345,53:32.7,42.47570917,-83.4031355,257.6,0,0,0,10000,0,0.20745036,-0.372539431,0,20.70000076,9.899999619,
346,53:34.0,42.47570867,-83.40313567,257.5,0,0,0,10000,0,0.20745036,0,0,21.5,21.5,
347,53:35.3,42.47570817,-83.40313583,257.5,0,0,0,10000,0,0.256986737,-0.248698547,0,24.79999924,18.39999962,
348,53:36.6,42.47570783,-83.403136,257.5,0,0,0,10000,0,0.199194312,0.347803384,0,19.05000114,25.70000076,
349,53:37.9,42.47570717,-83.4031365,257.4,0,0,0,10000,0,0.248730659,0.356059432,0,24,32.59999847,
350,53:39.2,42.47570667,-83.40313633,257.4,0,0,0,10000,0,0.215706423,0.347803384,0,21.5,29,
351,53:40.5,42.47570633,-83.4031365,257.4,0,0,0,10000,0,0.248730659,0,0,24.79999924,24.79999924,
352,53:41.8,42.47570583,-83.4031365,257.3,0,0,0,10000,0,0.240474612,0,0,24.79999924,24.79999924,
353,53:43.1,42.47570533,-83.40313667,257.2,0,0,0,10000,0,0.223962486,0.298267037,0,22.34999847,29,
354,53:44.4,42.4757045,-83.40313667,257.2,0,0,0,10000,0,0.232218549,0,0,22.29999924,23.79999924,
355,53:45.7,42.47570417,-83.40313683,257.1,0,0,0,10000,0,0.199194312,0.050585233,0,19.85000038,20.20000076,
356,53:47.0,42.47571383,-83.40313783,258.1,0,0,0,10000,0,0.223962486,0.157914013,0,22.35000038,26.10000038,
357,53:48.3,42.475713,-83.4031385,258,0,0,0,10000,0,0.20745036,0.017560992,0,23.20000076,23.20000076,
358,53:49.6,42.475714,-83.4031375,258.3,0,0,0,10000,0,0.190938249,0.339547336,0,19.85000038,26.79999924,
359,53:50.9,42.47571433,-83.40313733,258.4,0,0,0,10000,0,0.141401887,0.017560992,0,13.25,13.5,
360,53:52.2,42.47571267,-83.40313767,258.2,0,0,0,10000,0,0.240474612,0.009304932,0,24,24.20000076,
361,53:53.5,42.47571233,-83.40313783,258.1,0,0,0,10000,0,0.223962486,0.025817052,0,22.35000038,22.70000076,
362,53:54.8,42.47571183,-83.40313783,258.1,0,0,0,10000,0,0.215706423,0.025817052,0,21.5,21.70000076,
363,53:56.1,42.4757115,-83.403138,258.1,0,0,0,10000,0,0.215706423,0.001048873,0,22.34999847,22.39999962,
364,53:57.4,42.475711,-83.403138,258,0,0,0,10000,0,0.215706423,0.025817052,0,21.54999924,22.29999924,
365,53:58.7,42.4757105,-83.40313783,258,0,0,0,10000,0,0.215706423,0.058841292,0,21.5,22.60000038,
366,54:00.0,42.47570983,-83.40313783,258,0,0,0,10000,0,0.141401887,-0.273466706,0,14.10000038,10.10000038,
367,54:01.3,42.4757095,-83.40313767,257.9,0,0,0,10000,0,0.14965795,0.356059432,0,15.75,21.79999924,
368,54:02.6,42.47570917,-83.40313783,257.9,0,0,0,10000,0,0.166170076,0.025817052,0,15.75,16.29999924,
369,54:03.9,42.47570883,-83.40313783,257.8,0,0,0,10000,0,0.215706423,0.034073111,0,21.54999924,22.29999924,
370,54:05.2,42.47570833,-83.403138,257.8,0,0,0,10000,0,0.223962486,0.017560992,0,23.19999886,23.79999924,
371,54:06.5,42.47569917,-83.4031325,257.7,0,0,0,10000,0,0.248730659,0.034073111,0,24.85000038,25.29999924,
372,54:07.8,42.4756895,-83.40312533,257.4,0,0,0,10000,0,0.223962486,0.339547336,0,24,31.60000038,
373,54:09.1,42.475682,-83.40311967,257.1,0,0,0,10000,0,0.20745036,0,0,7.875,-33,
374,54:10.4,42.47567767,-83.40311667,257.1,0,0,0,10000,0,0.133145824,-0.669757605,0,14.10000038,4.599999905,
375,54:11.7,42.4756725,-83.40311567,256.9,0,0,0,10000,0,0.190938249,0,0,19,19,
376,54:13.0,42.47566867,-83.40311333,256.6,0,0,0,10000,0,0.223962486,0,0,22.29999924,22.29999924,
377,54:14.3,42.4756685,-83.40311317,256.6,0,0,0,10000,0,0.240474612,0.141401887,0,24,27.20000076,
378,54:15.6,42.47566867,-83.4031135,256.6,0,0,0,10000,0,0.199194312,0.256986737,0,19.04999924,24.10000038,
379,54:16.9,42.4756685,-83.40311367,256.6,0,0,0,10000,0,0.240474612,0.389083683,0,23.125,32.40000153,
380,54:18.2,42.4756685,-83.40311367,256.6,0,0,0,10000,0,0.223962486,0.017560992,0,23.19999886,23.79999924,
381,54:19.5,42.47566883,-83.403114,256.5,0,0,0,10000,0,0.240474612,0.166170076,0,24.84999847,29,
382,54:20.8,42.475669,-83.40311433,256.5,0,0,0,10000,0,0.256986737,0,0,25.64999962,26.29999924,
383,54:22.1,42.47566917,-83.4031145,256.4,0,0,0,10000,0,0.248730659,0.009304932,0,24,24,
384,54:23.4,42.47567617,-83.40312217,256.1,0,0,0,10000,0,0.248730659,0.14965795,0,25.64999962,28.39999962,
385,54:24.7,42.47567667,-83.40312267,256.1,0,0,0,10000,0,0.248730659,0,0,24.79999924,24.79999924,
386,54:26.0,42.47567717,-83.40312283,256,0,0,0,10000,0,0.248730659,0,0,24.79999924,24.79999924,
387,54:27.3,42.475678,-83.403123,256,0,0,0,10000,0,0.314779133,0,0,30.60000038,30.60000038,
388,54:28.6,42.47567917,-83.403123,256,0,0,0,10000,0,0.265242785,0.306523085,0,26.45000076,34.59999847,
389,54:29.9,42.47567583,-83.40311733,255,0,0,0,10000,0,0.339547336,0.025817052,0,33.04999924,33.09999847,
390,54:31.2,42.47567183,-83.403108,254.1,0,0,0,10000,0,0.339547336,0.017560992,0,33.90000153,34.5,
391,54:32.5,42.47567183,-83.40310233,253.5,0,0,0,10000,0,0.248730659,0.009304932,0,24.85000038,25.29999924,
392,54:33.8,42.47567317,-83.403103,253,0,0,0,10000,0,0.290010959,0.001048873,0,29.79999924,30.29999924,
393,54:35.1,42.47567383,-83.403095,253.2,0,0,0,10000,0,0.331291258,0.017560992,0,33.10000229,33.40000153,
394,54:36.4,42.4756745,-83.40309517,253.1,0,0,0,10000,0,0.248730659,0.009304932,0,25.64999962,25.70000076,
395,54:37.7,42.47567483,-83.40309567,253.2,0,0,0,10000,0,0.248730659,0.001048873,0,24,24.20000076,
396,54:39.0,42.47567517,-83.40309667,253.2,0,0,0,10000,0,0.232218549,0.050585233,0,22.59999847,24.5,
397,54:40.3,42.47566917,-83.403082,254.1,0,0,0,10000,0,0.248730659,0.001048873,0,24.79999924,24.79999924,
398,54:41.6,42.475669,-83.40306983,254.1,0,0,0,10000,0,0.256986737,0.050585233,0,25.65000153,26.5,
399,54:42.9,42.47566933,-83.40306717,253.7,0,0,0,10000,0,0.248730659,0,0,24.79999924,24.79999924,
400,54:44.2,42.47566883,-83.40307033,253.8,0,0,0,10000,0,0.256986737,0,0,24.79999924,24.79999924,
401,54:45.5,42.475669,-83.40307167,253.7,0,0,0,10000,0,0.232218549,0,0,23.20000076,23.20000076,
402,54:46.8,42.47566917,-83.40307367,253.9,0,0,0,10000,0,0.281754911,0,0,28.10000038,28.10000038,
403,54:48.1,42.47567,-83.40307467,253.8,0,0,0,10000,0,0.290010959,0,0,29,29,
404,54:49.4,42.47567017,-83.40307517,253.8,0,0,0,10000,0,0.298267037,0.025817052,0,28.95000076,29.89999962,
405,54:50.7,42.47567,-83.40307533,253.7,0,0,0,10000,0,0.273498833,0.042329174,0,27.30000114,28.20000076,
406,54:52.0,42.4756695,-83.40307567,253.7,0,0,0,10000,0,0.248730659,0.042329174,0,24.84999847,25.89999962,
407,54:53.3,42.475669,-83.4030755,253.7,0,0,0,10000,0,0.166170076,0.034073111,0,16.60000038,16.60000038,
408,54:54.6,42.47566867,-83.40307583,253.8,0,0,0,10000,0,0.133145824,0.050585233,0,12.44999981,13.10000038,
409,54:55.9,42.47566817,-83.4030755,253.8,0,0,0,10000,0,0.124889769,0.058841292,0,11.60000038,12.19999981,
410,54:57.2,42.4756675,-83.4030755,253.8,0,0,0,10000,0,0.124889769,-0.075321287,0,12.44999981,11.69999981,
411,54:58.5,42.47566683,-83.40307533,253.8,0,0,0,10000,0,0.116633713,-0.678013623,0,12.44999981,4,
412,54:59.8,42.47566667,-83.40307583,253.8,0,0,0,10000,0,0.124889769,0,0,12.39999962,12.39999962,
413,55:01.1,42.4756665,-83.40307617,253.8,0,0,0,10000,0,0.075353414,0,0,7.5,7.5,
414,55:02.4,42.475666,-83.4030825,253.8,0,0,0,10000,0,0.075353414,0,0,7.5,7.5,
415,55:03.7,42.47566567,-83.40308883,253.8,0,0,0,10000,0,0.133145824,0,0,12.39999962,12.39999962,
416,55:05.0,42.475666,-83.4030945,253.9,0,0,0,10000,0,0.091865532,0,0,10,10,
417,55:06.3,42.47566833,-83.40310217,254.1,0,0,0,10000,0,0.10837765,0,0,9.975000381,9.899999619,
418,55:07.6,42.47567417,-83.40310883,254.2,0,0,0,10000,0,0.100121588,0,0,10,10,
419,55:08.9,42.47568617,-83.40310767,254.6,0,0,0,10000,0,0.009304932,0,0,0.899999976,0.899999976,
420,55:10.2,42.47569467,-83.40309117,255.1,0,0,0,10000,0,0.009304932,0,0,1.700000048,1.700000048,
421,55:11.5,42.475694,-83.403065,255.8,0,0,0,10000,0,0.009304932,0,0,0.899999976,0.899999976,
422,55:12.8,42.475685,-83.40304333,256.5,0,0,0,10000,0,0.009304932,0,0,0.899999976,0.899999976,
423,55:14.1,42.47566717,-83.403042,257.1,0,0,0,84.79516602,0,0.009304932,0,0,1.700000048,1.700000048,
424,55:15.4,42.47566017,-83.40306533,257.6,0,0,0,10000,0,0.083609469,0,0,8.300000191,8.300000191,
425,55:16.7,42.47567167,-83.403088,254.4,0,0,0,10000,0,0.083609469,0,0,9.100000381,9.100000381,
426,55:18.0,42.47567767,-83.40310083,253.1,0,0,0,10000,0,0.116633713,0,0,10.80000019,10.80000019,
427,55:19.3,42.47568333,-83.40310483,252.2,0,0,0,10000,0,0.124889769,0,0,11.60000038,11.60000038,
428,55:20.6,42.47568467,-83.4031035,252.2,0,0,0,10000,0,0.124889769,0,0,12.39999962,12.39999962,
429,55:21.9,42.47568517,-83.4030965,251.4,0,0,0,10000,0,0.124889769,0,0,13.30000019,13.30000019,
430,55:23.2,42.47568633,-83.40308633,250.5,0,0,0,10000,0,0.133145824,0,0,13.30000019,13.30000019,
431,55:24.5,42.47568767,-83.4030745,250.1,0,0,0,10000,0,0.133145824,-0.306490958,0,12.39999962,9.699999809,
432,55:25.8,42.475689,-83.40305617,249.7,0,0,0,10000,0,0.124889769,0.496412456,0,13.30000019,19.89999962,
433,55:27.1,42.4756895,-83.40304267,249.4,0,0,0,10000,0,0.124889769,0.810142756,0,12.44999981,22.60000038,
434,55:28.4,42.475688,-83.40304817,248.9,0,0,0,10000,0,0.124889769,0.628509402,0,13.25,22.20000076,
435,55:29.7,42.4756865,-83.4030595,248.7,0,0,0,10000,0,0.124889769,0.405595809,0,12.39999962,18.29999924,
436,55:31.0,42.47568517,-83.4030695,249,0,0,0,10000,0,0.124889769,0.47990033,0,12.39999962,18.29999924,
437,55:32.3,42.47568417,-83.40307817,248.9,0,0,0,10000,0,0.124889769,0.529436707,0,12.39999962,18.79999924,
438,55:33.6,42.475685,-83.40308,248.8,0,0,0,10000,0,0.124889769,0.529436707,0,12.44999981,19.10000038,
439,55:34.9,42.4756855,-83.4030815,248.8,0,0,0,10000,0,0.124889769,0.529436707,0,12.44999981,19.10000038,
440,55:36.2,42.475686,-83.4030835,248.9,0,0,0,10000,0,0.124889769,0.529436707,0,12.44999981,19.10000038,
441,55:37.5,42.47569733,-83.40309083,249,0,0,0,10000,0,0.116633713,0.050585233,0,23.92499924,24.89999962,
442,55:38.8,42.47571067,-83.40308833,248.8,0,0,0,10000,0,0.124889769,0.001048873,0,12.44999981,12.69999981,
443,55:40.1,42.4757215,-83.403078,249.7,0,0,0,10000,0,0.232218549,0.009304932,0,21.5,21.70000076,
444,55:41.4,42.47572517,-83.40306933,249.9,0,0,0,10000,0,0.397339731,0.017560992,0,38.90000153,39.90000153,
445,55:42.7,42.47571967,-83.40306033,250,0,0,0,10000,0,0.397339731,0.017560992,0,39.70000076,40.40000153,
446,55:44.0,42.47570967,-83.403048,249.5,0,0,0,10000,0,0.446876109,0.025817052,0,44.65000153,46.20000076,
447,55:45.3,42.47569683,-83.40304667,249.1,0,0,0,10000,0,0.463388234,0.017560992,0,46.29999924,47.09999847,
448,55:46.6,42.4756825,-83.40305267,249.1,0,0,0,10000,0,0.620253384,0.025817052,0,62.79999924,64.40000153,
449,55:47.9,42.47567017,-83.4030615,249.1,0,0,0,10000,0,0.529436707,0.025817052,0,53.70000076,55.09999847,
450,55:49.2,42.47566733,-83.40307233,248.8,0,0,0,350.5640869,0,0.512924552,0.034073111,0,52.04999924,53.40000153,
451,55:50.5,42.47566717,-83.40307367,248.8,0,0,0,10000,0,0.512924552,0,0,52.09999847,52.09999847,
452,55:51.8,42.475667,-83.40307467,248.7,0,0,0,10000,0,0.463388234,0,0,47.09999847,47.09999847,
453,55:53.1,42.47566667,-83.40307633,248.7,0,0,0,10000,0,0.512924552,0,0,52.09999847,52.09999847,
454,55:54.4,42.475666,-83.403078,248.8,0,0,0,232.5794983,0,0.512924552,0,0,51.20000076,51.20000076,
455,55:55.7,42.475665,-83.4030795,248.7,0,0,0,10000,0,0.52118063,0,0,52.09999847,52.09999847,
456,55:57.0,42.47566467,-83.403081,248.9,0,0,0,10000,0,0.463388234,0,0,46.29999924,46.29999924,
457,55:58.3,42.47566417,-83.40308233,249,0,0,0,10000,0,0.446876109,-0.133113712,0,44.65000153,42.40000153,
458,55:59.6,42.47566367,-83.4030835,249.1,0,0,0,10000,0,0.422107935,0.034073111,0,43,43.40000153,
459,56:00.9,42.47566317,-83.40308467,249.2,0,0,0,10000,0,0.455132157,0.001048873,0,45.44999695,45.5,
460,56:02.2,42.4756625,-83.40308567,249.3,0,0,0,10000,0,0.422107935,0.025817052,0,43,44.5,
461,56:03.5,42.47566267,-83.40308667,249.4,0,0,0,10000,0,0.446876109,0,0,43.79999924,43.79999924,
462,56:04.8,42.4756625,-83.4030875,249.5,0,0,0,10000,0,0.422107935,0.058841292,0,41.29999924,43.40000153,
463,56:06.1,42.47566217,-83.40308833,249.7,0,0,0,10000,0,0.413851857,-0.075321287,0,42.15000153,39,
464,56:07.4,42.47566183,-83.40308933,249.8,0,0,0,10000,0,0.397339731,-0.199162185,0,39.65000153,31.39999962,
465,56:08.7,42.47566133,-83.4030905,250,0,0,0,10000,0,0.430363983,-0.083577342,0,42.95000076,39.70000076,
466,56:10.0,42.47566083,-83.40309167,250.2,0,0,0,10000,0,0.438620031,-0.232186422,0,43,34.40000153,
467,56:11.3,42.47566583,-83.403103,249.9,0,0,0,10000,0,0.422107935,0,0,42.20000076,42.20000076,
468,56:12.6,42.47567083,-83.40311533,249.6,0,0,0,10000,0,0.430363983,0,0,44.65000153,44.70000076,
469,56:13.9,42.475675,-83.40312483,249.5,0,0,0,10000,0,0.446876109,0,0,44.59999847,44.59999847,
470,56:15.2,42.4756805,-83.40313133,249.7,0,0,0,10000,0,0.488156408,0,0,48.79999924,48.79999924,
471,56:16.5,42.47568767,-83.4031365,249.8,0,0,0,10000,0,0.471644282,0,0,45.5,45.5,
472,56:17.8,42.4756945,-83.40314217,250.3,0,0,0,10000,0,0.438620031,0,0,43.80000305,34.70000076,
473,56:19.1,42.47569767,-83.403147,250.7,0,0,0,10000,0,0.438620031,0.009304932,0,43.80000305,44.20000076,
474,56:20.4,42.47570217,-83.4031515,250.8,0,0,0,10000,0,0.455132157,0.025817052,0,45.45000076,45.90000153,
475,56:21.7,42.47570783,-83.40315433,251.4,0,0,0,10000,0,0.471644282,0.009304932,0,47.14999771,47.59999847,
476,56:23.0,42.47571817,-83.40316033,251.7,0,0,0,10000,0,0.455132157,0,0,47.09999847,47.09999847,
477,56:24.3,42.4757275,-83.40316567,252.2,0,0,0,10000,0,0.438620031,0,0,44.59999847,44.59999847,
478,56:25.6,42.47573567,-83.40316983,252.8,0,0,0,10000,0,0.430363983,-0.017528867,0,42.19999695,41.79999924,
479,56:26.9,42.47574433,-83.40317433,253.1,0,0,0,10000,0,0.331291258,-0.14136976,0,32.25,27.70000076,
480,56:28.2,42.47575233,-83.40317567,253.5,0,0,0,10000,0,0.32303521,-0.215674296,0,19.125,-24.39999962,
481,56:29.5,42.47576,-83.40317783,253.8,0,0,0,10000,0,0.314779133,-0.223930359,0,32.29999924,24.79999924,
482,56:30.8,42.47576817,-83.40318067,254,0,0,0,10000,0,0.314779133,0,0,31.45000076,24.89999962,
483,56:32.1,42.47577717,-83.40318417,254.8,0,0,0,10000,0,0.356059432,0,0,33.90000153,33.90000153,
484,56:33.4,42.47578667,-83.40318683,255.4,0,0,0,10000,0,0.372571558,0,0,37.20000076,37.20000076,
485,56:34.7,42.47579333,-83.40318767,255.9,0,0,0,10000,0,0.256986737,0,0,26.5,26.5,
486,56:36.0,42.47579833,-83.40318567,255.9,0,0,0,10000,0,0.240474612,0,0,24,24,
487,56:37.3,42.4758055,-83.4031825,255.8,0,0,0,10000,0,0.240474612,0,0,24.79999924,24.79999924,
488,56:38.6,42.47581517,-83.40318033,255.8,0,0,0,10000,0,0.009304932,0,0,1.700000048,1.700000048,
489,56:39.9,42.4758295,-83.4031815,255.7,0,0,0,10000,0,0.009304932,0.042329174,0,1.699999928,1.799999952,
490,56:41.2,42.47584233,-83.40318333,255.7,0,0,0,10000,0,0.100121588,0,0,7.5,7.5,
491,56:42.5,42.47585283,-83.403184,255.4,0,0,0,10000,0,0.025817052,-0.446843982,0,1.700000048,0.899999976,
492,56:43.8,42.47586167,-83.40318217,255.2,0,0,0,10000,0,0.141401887,-0.273466706,0,13.25,8.600000381,
493,56:45.1,42.47587233,-83.40318017,254.9,0,0,0,10000,0,0.116633713,0.554204881,0,11.60000038,17.79999924,
494,56:46.4,42.475884,-83.4031775,255.1,0,0,0,10000,0,0.067097351,0.570716977,0,7.500000477,11.80000019,
495,56:47.7,42.47589583,-83.40317833,255.2,0,0,0,10000,0,0.058841292,0.017560992,0,6.650000095,6.699999809,
496,56:49.0,42.47590683,-83.40317883,255.5,0,0,0,10000,0,0.058841292,0.017560992,0,5.800000191,5.900000095,
497,56:50.3,42.47591867,-83.40317917,256.1,0,0,0,10000,0,0.067097351,0.009304932,0,6.650000095,6.699999809,
498,56:51.6,42.47593133,-83.40317783,256.5,0,0,0,10000,0,0.067097351,0.009304932,0,6.650000095,6.699999809,
499,56:52.9,42.47594483,-83.40317617,256.8,0,0,0,10000,0,0.067097351,0.017560992,0,6.650000095,6.699999809,
500,56:54.2,42.475958,-83.403176,257,0,0,0,10000,0,0.124889769,0.017560992,0,12.44999981,12.69999981,
501,56:55.5,42.4759705,-83.4031775,257.7,0,0,0,10000,0,0.124889769,0.009304932,0,13.25,13.5,
502,56:56.8,42.47598183,-83.40317917,258.4,0,0,0,10000,0,0.124889769,0.009304932,0,12.44999981,12.60000038,
503,56:58.1,42.47599283,-83.40318383,258.8,0,0,0,10000,0,0.124889769,0.017560992,0,12.44999981,12.60000038,
504,56:59.4,42.4760035,-83.4031895,259,0,0,0,10000,0,0.133145824,0.017560992,0,12.44999981,12.60000038,
505,57:00.7,42.476012,-83.40319483,258.6,0,0,0,10000,0,0.116633713,0.017560992,0,12.44999981,12.60000038,
506,57:02.0,42.47601917,-83.40320167,258.5,0,0,0,10000,0,0.042329174,0.702813983,0,4.199999809,7.199999809,
507,57:03.3,42.47602733,-83.40320983,258.7,0,0,0,10000,0,0.034073111,0.694557905,0,5.050000191,8.600000381,
508,57:04.6,42.47603717,-83.40321783,258.8,0,0,0,10000,0,0.091865532,0.017560992,0,8.350000381,8.5,
509,57:05.9,42.47604283,-83.40322833,258.8,0,0,0,10000,0,0.083609469,0.058841292,0,8.300000191,8.699999809,
510,57:07.2,42.47604183,-83.40324483,259.3,0,0,0,10000,0,0.166170076,0.050585233,0,17.39999962,18.39999962,
511,57:08.5,42.47604233,-83.40326567,259.5,0,0,0,10000,0,0.025817052,0.001048873,0,5.800000191,5.800000191,
512,57:09.8,42.47604467,-83.40328533,259.7,0,0,0,10000,0,0.009304932,0,0,0.449999988,0.899999976,
513,57:11.1,42.4760445,-83.4033035,259.8,0,0,0,10000,0,0.10837765,0.050585233,0,10.75,11.30000019,
514,57:12.4,42.476043,-83.40332117,259.9,0,0,0,10000,0,0.075353414,-0.389051557,0,6.700000286,5.300000191,
515,57:13.7,42.47604183,-83.40334,260.1,0,0,0,10000,0,0.067097351,0.471644282,0,6.349999428,8.199999809,
516,57:15.0,42.47603917,-83.40335833,260.5,0,0,0,10000,0,0,0.001048873,0,24.57500076,24.39999962,
517,57:16.3,42.476036,-83.4033765,261,0,0,0,10000,0,0,0,0,24.60000038,24.5,
518,57:17.6,42.47603483,-83.40339483,262,0,0,0,10000,-1,-0.001016748,0,0,0.100000001,0.100000001,
519,57:18.9,42.47603317,-83.4034115,262.9,0,0,0,10000,-1,-0.017528867,0.009304932,0,-0.899999976,-0.899999976,
520,57:20.2,42.47603333,-83.40342517,262.9,0,0,0,10000,-1,-0.108345523,-0.009272808,0,-11.60000038,-11.60000038,
521,57:21.5,42.476034,-83.40344383,262.8,0,0,0,10000,-1,-0.108345523,-0.57068485,0,-10.80000019,-4.5,
522,57:22.8,42.476036,-83.4034665,262.8,0,0,0,10000,0,0.199194312,0,0,19.89999962,19.89999962,
523,57:24.1,42.47603767,-83.40348467,262.6,0,0,0,10000,0,0.075353414,0.380827636,0,7.5,10.30000019,
524,57:25.4,42.476038,-83.40350167,262.9,0,0,0,10000,0,0.091865532,0.562460959,0,8.300000191,13,
525,57:26.7,42.47603817,-83.40351717,262.5,0,0,0,10000,0,0.10837765,0.545948803,0,-10.60000038,-66.80000305,
526,57:28.0,42.47603383,-83.40353283,262.3,0,0,0,10000,0,0.116633713,0.504668534,0,11.59999943,17.39999962,
527,57:29.3,42.47602833,-83.40354433,262.3,0,0,0,10000,0,0.133145824,0.133145824,0,12.45000076,14,
528,57:30.6,42.47602183,-83.40355433,262.7,0,0,0,10000,0,0.141401887,-0.512892425,0,13.25000095,6.300000191,
529,57:31.9,42.4760165,-83.403566,263,0,0,0,10000,0,0.133145824,-0.72755003,0,13.30000019,3.599999905,
530,57:33.2,42.476014,-83.40357633,263.2,0,0,0,10000,0,0.133145824,-0.72755003,0,13.30000019,3.5,
531,57:34.5,42.47601433,-83.4035885,263.6,0,0,0,10000,0,0.075353414,0,0,8.300000191,8.300000191,
532,57:35.8,42.47601433,-83.403601,263.9,0,0,0,10000,0,0.174426123,0,0,16.60000038,16.60000038,
533,57:37.1,42.47601633,-83.4036135,264.2,0,0,0,10000,0,0.190938249,0,0,19,19,
534,57:38.4,42.4760215,-83.40362717,264.1,0,0,0,10000,0,0.050585233,0,0,5,5,
535,57:39.7,42.476026,-83.40363917,263.8,0,0,0,10000,0,0.050585233,0,0,5,5,
536,57:41.0,42.47603117,-83.40364917,263.6,0,0,0,10000,0,0.050585233,0,0,5,5,
537,57:42.3,42.4760345,-83.4036605,263.3,0,0,0,10000,0,0.050585233,0,0,5,5,
538,57:43.6,42.4760325,-83.4036745,262.9,0,0,0,10000,0,0.050585233,0,0,5,5,
539,57:44.9,42.47602583,-83.40368817,262.7,0,0,0,10000,0,0.001048873,0.067097351,0,12.32499981,0.100000001,
540,57:46.2,42.476016,-83.40369683,262.7,0,0,0,10000,0,0.009304932,0.10837765,0,24.60000038,24.5,
541,57:47.5,42.4760055,-83.40370267,262.6,0,0,0,10000,0,0.067097351,0.050585233,0,9.100000381,9.5,
542,57:48.8,42.475995,-83.40370983,262.3,0,0,0,10000,0,0.124889769,0.628509402,0,2.099999905,-19,
543,57:50.1,42.475985,-83.40371733,261.6,0,0,0,10000,0,0.182682186,0.603741229,0,19.04999924,30.60000038,
544,57:51.4,42.47597383,-83.40372283,261.4,0,0,0,10000,0,0.190938249,0.63676548,0,19,31,
545,57:52.7,42.47596317,-83.40372683,261,0,0,0,10000,0,0.199194312,0.504668534,0,19.85000038,29.60000038,
546,57:54.0,42.47595367,-83.40372883,260.8,0,0,0,10000,0,0.199194312,0.47990033,0,19.04999924,29.5,
547,57:55.3,42.47594383,-83.403729,260.7,0,0,0,10000,0,0.091865532,0.034073111,0,9.099999428,9.399999619,
548,57:56.6,42.47593367,-83.403729,260.9,0,0,0,10000,0,0.001048873,0.017560992,0,0,-0.100000001,
549,57:57.9,42.47592483,-83.4037295,261.1,0,0,0,10000,0,0.009304932,0.017560992,0,0.849999964,0.899999976,
550,57:59.2,42.47591717,-83.40372917,261.5,0,0,0,10000,0,0.009304932,0.017560992,0,0.899999976,0.899999976,
551,58:00.5,42.47590867,-83.40372683,261.9,0,0,0,10000,0,0.141401887,0.025817052,0,13.25,13.60000038,
552,58:01.8,42.4758975,-83.40372467,262.1,0,0,0,10000,0,0.223962486,0.017560992,0,21.54999924,22.29999924,
553,58:03.1,42.4758865,-83.40372267,262.2,0,0,0,10000,0,0.256986737,0.034073111,0,24.84999847,25.5,
554,58:04.4,42.47587817,-83.40372217,262.5,0,0,0,96.23175812,0,0.256986737,0.025817052,0,25.65000153,26.5,
555,58:05.7,42.475871,-83.4037245,263,0,0,0,10000,0,0.248730659,0.017560992,0,24,24.39999962,
556,58:07.0,42.47586283,-83.40373017,263.6,0,0,0,10000,0,0.256986737,0.017560992,0,24.85000038,25.29999924,
557,58:08.3,42.47585367,-83.40373533,264,0,0,0,10000,0,0.256986737,0.034073111,0,24.84999847,25.5,
558,58:09.6,42.47584467,-83.4037395,264.2,0,0,0,10000,0,0.248730659,0.025817052,0,24.84999847,25.5,
559,58:10.9,42.47583917,-83.403743,263.9,0,0,0,10000,0,0.256986737,0.025817052,0,24.84999847,25.5,
560,58:12.2,42.47583517,-83.40374583,263.6,0,0,0,10000,0,0.248730659,0.017560992,0,24.85000038,25.70000076,
561,58:13.5,42.475829,-83.40374717,263.5,0,0,0,10000,0,0.248730659,0.025817052,0,24.85000038,25.70000076,
562,58:14.8,42.47582217,-83.40374683,263.3,0,0,0,10000,0,0.248730659,0.017560992,0,24.85000038,25.29999924,
563,58:16.1,42.4758145,-83.40374533,263,0,0,0,10000,0,0.248730659,0.034073111,0,24.84999847,25.5,
564,58:17.4,42.47580533,-83.40374517,262.7,0,0,0,10000,0,0.248730659,0.025817052,0,24.84999847,25.5,
565,58:18.7,42.47579567,-83.40374617,263,0,0,0,10000,0,0.248730659,0.017560992,0,24.85000038,25.10000038,
566,58:20.0,42.47578617,-83.403747,263.1,0,0,0,10000,0,0.248730659,0.017560992,0,24.85000038,25.70000076,
567,58:21.2,42.47577833,-83.4037455,263.2,0,0,0,10000,0,0.248730659,0.034073111,0,24.84999847,25.5,
568,58:22.6,42.47577017,-83.403738,263.4,0,0,0,10000,0,0.248730659,0.017560992,0,24,24.60000038,
569,58:23.8,42.47576467,-83.40373067,263.8,0,0,0,10000,0,0.248730659,0.025817052,0,24.85000038,25.29999924,
570,58:25.2,42.47576367,-83.40372567,264.2,0,0,0,10000,0,0.240474612,0.025817052,0,24.85000038,25.29999924,
571,58:26.4,42.47575917,-83.40372067,264.4,0,0,0,10000,0,0.248730659,0.034073111,0,24.85000038,25.29999924,
572,58:27.8,42.47574833,-83.40371783,264.5,0,0,0,10000,0,0.248730659,0.025817052,0,24.85000038,25.70000076,
573,58:29.0,42.4757355,-83.40371783,264.8,0,0,0,10000,0,0.248730659,0.025817052,0,24.84999847,25.5,
574,58:30.4,42.47572283,-83.4037165,264.8,0,0,0,10000,0,0.248730659,0.017560992,0,24.85000038,25.70000076,
575,58:31.6,42.47571017,-83.40371117,264.8,0,0,0,10000,0,0.248730659,0.017560992,0,24.85000038,25.70000076,
576,58:33.0,42.4757015,-83.403702,264.7,0,0,0,10000,0,0.248730659,0.017560992,0,24.85000038,25.29999924,
577,58:34.2,42.47569783,-83.40368917,264.7,0,0,0,10000,0,0.001048873,0.034073111,0,0,0.100000001,
578,58:35.6,42.47569183,-83.40367483,264.5,0,0,0,10000,0,0.001048873,0.009304932,0,0,0.100000001,
579,58:36.8,42.4756895,-83.4036595,264.2,0,0,0,10000,0,0.001048873,0.025817052,0,-0.050000001,0.100000001,
580,58:38.2,42.47568967,-83.40364167,264,0,0,0,10000,0,0,0.025817052,0,24.32499886,24.20000076,
581,58:39.4,42.47569067,-83.40362317,263.7,0,0,0,10000,0,0,0.025817052,0,24.375,24.20000076,
582,58:40.8,42.4756925,-83.4036055,263.5,0,0,0,10000,0,0,0.025817052,0,24.39999771,24.29999924,
583,58:42.1,42.47569383,-83.40358833,263.4,0,0,0,10000,0,0,0.025817052,0,24.39999771,24.29999924,
584,58:43.4,42.47569667,-83.40357483,263.3,0,0,0,10000,0,0,0.034073111,0,24.42499924,24.29999924,
585,58:44.7,42.47569917,-83.40356183,263.1,0,0,0,10000,0,0,0.025817052,0,24.45000076,24.29999924,
586,58:46.0,42.47570167,-83.40354433,263.1,0,0,0,10000,0,0,0.034073111,0,24.5,24.39999962,
587,58:47.2,42.47570267,-83.40352583,262.8,0,0,0,10000,0,0,0.034073111,0,24.5,24.39999962,
588,58:48.6,42.47570183,-83.40350917,263,0,0,0,10000,0,0,0.025817052,0,24.5,24.39999962,
589,58:49.8,42.47570117,-83.40348667,263.1,0,0,0,10000,0,0,0.025817052,0,24.5,24.39999962,
590,58:51.2,42.47570233,-83.40346183,263.2,0,0,0,10000,0,0,0.025817052,0,24.55000114,24.39999962,
591,58:52.5,42.4757035,-83.4034415,263.2,0,0,0,10000,0,0,0.025817052,0,24.5,24.39999962,
592,58:53.8,42.47570433,-83.40342467,263.2,0,0,0,10000,0,0.017560992,0,0,1.700000048,1.700000048,
593,58:55.0,42.47570517,-83.4034065,263,0,0,0,10000,0,0.124889769,0,0,12.44999981,7.699999809,
594,58:56.4,42.47570367,-83.40338883,262.7,0,0,0,10000,0,0.248730659,0.768862426,0,23.15000153,41,
595,58:57.7,42.47570167,-83.40337267,262.6,0,0,0,10000,0,0.182682186,0.818398774,0,18.25000191,33.20000076,
596,58:58.9,42.47569867,-83.4033575,262.6,0,0,0,10000,0,0.124889769,0.405595809,0,-4.150000572,-51,
597,59:00.3,42.47569483,-83.40334233,262.5,0,0,0,10000,0,0.223962486,0.001048873,0,22.35000038,22.70000076,
598,59:01.5,42.47569383,-83.40332733,262.2,0,0,0,10000,0,0.240474612,0,0,24,24.20000076,
599,59:02.9,42.47569483,-83.40331567,261.9,0,0,0,10000,0,0.240474612,0.001048873,0,24.79999924,24.79999924,
600,59:04.1,42.47569633,-83.40330567,261.7,0,0,0,10000,0,0.248730659,0.009304932,0,24,24,
601,59:05.5,42.47569667,-83.40329383,261.2,0,0,0,10000,0,0.248730659,0.017560992,0,24.79999924,24.79999924,
602,59:06.7,42.47569617,-83.40327717,261,0,0,0,10000,0,0.290010959,0,0,27.29999924,27.29999924,
603,59:08.1,42.47569733,-83.40326167,260.8,0,0,0,10000,0,0.298267037,0.009304932,0,28.95000076,29.20000076,
604,59:09.3,42.475697,-83.40324483,260.8,0,0,0,10000,0,0.298267037,0.001048873,0,29.75,29.79999924,
605,59:10.7,42.47569583,-83.40322717,260.8,0,0,0,10000,0,0.298267037,0.001048873,0,30.60000038,30.60000038,
606,59:12.0,42.47569467,-83.40321133,260.7,0,0,0,10000,0,0.347803384,0.009304932,0,34.75,34.79999924,
607,59:13.3,42.4756935,-83.40319617,260.6,0,0,0,10000,0,0.182682186,0,0,17.39999962,17.39999962,
608,59:14.6,42.47569217,-83.40318133,260.7,0,0,0,10000,0,0.133145824,0,0,13.30000019,13.30000019,
609,59:15.8,42.47569283,-83.4031655,260.9,0,0,0,10000,0,0.281754911,0.32303521,0,28.15000153,37,
610,59:17.2,42.47569467,-83.4031465,260.5,0,0,0,10000,0,0.356059432,0.009304932,0,36.35000229,36.40000153,
611,59:18.4,42.47569567,-83.40312933,260.4,0,0,0,10000,0,0.306523085,0,0,32.29999924,32.29999924,
612,59:19.8,42.47569667,-83.40311617,260.7,0,0,0,10000,0,0.256986737,0.001048873,0,25.60000038,25.60000038,
613,59:21.0,42.4756985,-83.40310567,260.8,0,0,0,10000,0,0.290010959,0.100121588,0,28.95000076,30.70000076,
614,59:22.4,42.47569833,-83.40309733,261.2,0,0,0,10000,0,0.273498833,0.017560992,0,28.15000153,29.10000038,
615,59:23.6,42.47569567,-83.40309117,261.2,0,0,0,10000,0,0.405595809,0.174426123,0,42.15000153,49.5,
616,59:25.0,42.47569283,-83.40308483,261.3,0,0,0,10000,0,0.256986737,0.058841292,0,25.64999962,26.70000076,
617,59:26.3,42.4756905,-83.40307867,261.2,0,0,0,10000,0,0.463388234,0.133145824,0,42.15000153,43.90000153,
618,59:27.5,42.47568867,-83.4030725,261.3,0,0,0,10000,0,0.248730659,0.223962486,0,24.84999847,30.39999962,
619,59:28.9,42.475688,-83.40306767,261.5,0,0,0,10000,0,0.248730659,0.124889769,0,24.79999924,28.29999924,
620,59:30.2,42.47568717,-83.40306767,261.5,0,0,0,10000,0,0.32303521,0.001048873,0,30.60000038,30.60000038,
621,59:31.5,42.47568667,-83.4030675,261.5,0,0,0,10000,0,0.331291258,0.14965795,0,34.72499847,39.79999924,
622,59:32.7,42.47568633,-83.403067,261.4,0,0,0,10000,0,0.133145824,0.001048873,0,12.45000076,12.5,
623,59:34.1,42.4756815,-83.40306,262,0,0,0,10000,0,0.248730659,0.050585233,0,24.79999924,24.79999924,
624,59:35.3,42.47567717,-83.40305233,262.3,0,0,0,10000,0,0.232218549,0.298267037,0,24,31.39999962,
625,59:36.7,42.4756765,-83.40305183,262.2,0,0,0,10000,0,0.124889769,0.017560992,0,13.30000019,13.30000019,
626,59:37.9,42.47567567,-83.40305117,262.2,0,0,0,10000,0,0.36431551,0,0,36.40000153,36.40000153,
627,59:39.2,42.47567533,-83.40305033,262.2,0,0,0,10000,0,0.471644282,0,0,47.09999847,47.09999847,
628,59:40.6,42.47567467,-83.40304967,262.1,0,0,0,141.5937805,0,0.67804575,0,0,65.30000305,65.30000305,
629,59:41.9,42.47567433,-83.40304917,262.1,0,0,0,10000,0,0.488156408,0,0,47.90000153,47.90000153,
630,59:43.1,42.475674,-83.4030485,262.1,0,0,0,10000,0,0.397339731,0.001048873,0,37.20000076,37.20000076,
631,59:44.5,42.4756735,-83.403048,262.1,0,0,0,10000,0,0.306523085,-0.265210658,0,30.60000038,21.20000076,
632,59:45.7,42.47567317,-83.40304767,262.1,0,0,0,10000,0,0.314779133,0.025817052,0,31.39999962,32.20000076,
633,59:47.1,42.47567283,-83.40304733,262.2,0,0,0,10000,0,0.32303521,0.017560992,0,33.09999847,33.70000076,
634,59:48.3,42.4756725,-83.40304683,262.2,0,0,0,10000,0,0.339547336,0.009304932,0,33.10000229,33.40000153,
635,59:49.7,42.47566833,-83.40304083,262.1,0,0,0,10000,0,0.372571558,-0.025784928,0,38,36.70000076,
636,59:50.9,42.475663,-83.40303383,262,0,0,0,10000,0,0.36431551,0,0,36.40000153,36.40000153,
637,59:52.3,42.47565833,-83.40302783,261.8,0,0,0,10000,0,0.248730659,-0.034040987,0,24.85000038,23.79999924,
638,59:53.5,42.47565667,-83.4030205,261.7,0,0,0,10000,0,0.232218549,0.017560992,0,23.20000076,23.39999962,
639,59:54.9,42.47565533,-83.403013,261.6,0,0,0,10000,0,0.042329174,0,0,2.5,2.5,
640,59:56.1,42.47565383,-83.40300567,261.7,0,0,0,10000,0,0.083609469,0,0,8.300000191,8.399999619,
641,59:57.5,42.4756495,-83.40299867,262,0,0,0,10000,0,0.050585233,-0.389051557,0,5,3,
642,59:58.7,42.47564917,-83.402998,262,0,0,0,10000,0,0.042329174,0.017560992,0,2.549999952,2.599999905,
643,00:00.1,42.47564917,-83.4029975,262,0,0,0,10000,0,0.009304932,0,0,1.700000048,1.700000048,
644,00:01.3,42.475649,-83.40299667,262,0,0,0,10000,0,0.009304932,0,0,1.700000048,0.600000024,
645,00:02.7,42.47563633,-83.402995,262.3,0,0,0,10000,0,0.009304932,0,0,1.700000048,1.700000048,
646,00:03.9,42.47562483,-83.40299117,262.3,0,0,0,10000,0,0.009304932,0,0,1.700000048,1.700000048,
647,00:05.3,42.4756205,-83.4029855,262,0,0,0,10000,0,0.017560992,0.025817052,0,1.700000048,1.700000048,
648,00:06.5,42.47562217,-83.4029785,261.8,0,0,0,10000,0,0.166170076,0.042329174,0,16.54999924,17.39999962,
649,00:07.8,42.4756265,-83.40297167,261.5,0,0,0,10000,0,0.166170076,0.017560992,0,16.59999847,16.89999962,
650,00:09.2,42.47563233,-83.40296583,261.2,0,0,0,10000,0,0.20745036,0.025817052,0,20.70000076,20.89999962,
651,00:10.4,42.47563867,-83.402957,260.8,0,0,0,10000,0,0.174426123,-0.034040987,0,17.39999962,16.79999924,
652,00:11.8,42.47564167,-83.40294667,260.3,0,0,0,10000,0,0.240474612,0,0,24.79999924,24.79999924,
653,00:13.0,42.47564283,-83.40293967,259.2,0,0,0,10000,0,0.248730659,-0.372539431,0,24.84999847,16,
654,00:14.4,42.47564583,-83.402937,258.2,0,0,0,10000,0,0.248730659,-0.364283383,0,24.85000038,15.80000019,
655,00:15.7,42.475652,-83.40294033,257.4,0,0,0,10000,0,0.248730659,-0.364283383,0,24.85000038,15.80000019,
656,00:16.9,42.47565767,-83.402944,256.8,0,0,0,10000,0,0.248730659,-0.364283383,0,24.85000038,15.80000019,
657,00:18.2,42.47566067,-83.402945,256.4,0,0,0,10000,0,0.248730659,-0.364283383,0,24.85000038,15.80000019,
658,00:19.6,42.4756615,-83.40294883,255.8,0,0,0,10000,0,0,0,0,23.02499962,22.89999962,
659,00:20.8,42.475663,-83.4029575,255.5,0,0,0,10000,-1,-0.034040987,0,0,-3.400000095,-3.400000095,
660,00:22.2,42.47566667,-83.40297333,255.2,0,0,0,10000,-1,-0.050553106,0.20745036,0,-5,-5.199999809,
661,00:23.4,42.47567017,-83.40299483,255,0,0,0,10000,-1,-0.075321287,0.578973055,0,-7.500000477,-11.80000019,
662,00:24.8,42.47567367,-83.403018,255,0,0,0,10000,-1,-0.075321287,0.63676548,0,-7.500000477,-12.30000019,
663,00:26.0,42.47567617,-83.40304367,255,0,0,0,10000,-1,-0.133113712,0.645021558,0,-12.45000076,-20.5,
664,00:27.4,42.4756775,-83.4030725,255.1,0,0,0,10000,-1,-0.058809165,0.645021558,0,-0.850000024,8.300000191,
665,00:28.6,42.47567917,-83.4031065,255.3,0,0,0,10000,-1,-0.025784928,0.818398774,0,-2.349999905,-4.699999809,
666,00:30.0,42.47568017,-83.40314083,255.3,0,0,0,10000,-1,-0.124857642,0.017560992,0,-12.44999981,-12.60000038,
667,00:31.2,42.4756775,-83.40317367,255.6,0,0,0,10000,-1,-0.149625823,0.017560992,0,-15.69999981,-15.69999981,
668,00:32.6,42.47567533,-83.40320667,255.7,0,0,0,10000,-1,-0.067065224,0.562460959,0,-6.649999619,-10.5,
669,00:33.8,42.47567233,-83.403239,255.6,0,0,0,10000,-1,-0.166137949,0.042329174,0,-16.54999924,-17.39999962,
670,00:35.2,42.47567033,-83.4032695,255.4,0,0,0,10000,-1,-0.100089468,0.36431551,0,-9.949999809,-13.60000038,
671,00:36.4,42.4756675,-83.40329867,255.6,0,0,0,10000,-1,-0.149625823,0.331291258,0,-14.89999962,-20.20000076,
672,00:37.7,42.475667,-83.40332867,255.6,0,0,0,10000,-1,-0.091833405,0.025817052,0,-9.100000381,-10.69999981,
673,00:39.1,42.47566783,-83.40336117,255.7,0,0,0,10000,-1,-0.207418248,0.042329174,0,-21.5,-22.79999924,
674,00:40.3,42.47567,-83.40339367,255.9,0,0,0,10000,-1,-0.190906122,0.017560992,0,-19,-19.5,
675,00:41.7,42.47567217,-83.403424,255.9,0,0,0,10000,-1,-0.166137949,-0.017528867,0,-15.75,-15.60000038,
676,00:43.0,42.4756735,-83.40345217,256,0,0,0,10000,-1,-0.149625823,0,0,-15.69999981,-15.69999981,
677,00:44.3,42.475677,-83.40347783,256,0,0,0,10000,0,0,0,0,23.27499962,23.10000038,
678,00:45.5,42.475679,-83.4035025,256.1,0,0,0,10000,-1,-0.075321287,0,0,-8.300000191,-8.300000191,
679,00:46.9,42.4756755,-83.4035275,256,0,0,0,150.6956177,-1,-0.058809165,0,0,-19,-19,
680,00:48.1,42.47566917,-83.4035545,255.9,0,0,0,10000,-1,-0.174393997,0,0,-18.20000076,-18.20000076,
681,00:49.5,42.47566417,-83.40358033,256.6,0,0,0,10000,-1,-0.215674296,0,0,-20.70000076,-20.70000076,
682,00:50.8,42.47566217,-83.40360667,256.5,0,0,0,10000,-1,-0.215674296,-0.463356107,0,-20.70000076,-11.30000019,
683,00:52.0,42.47566,-83.4036315,256.6,0,0,0,10000,-1,-0.091833405,0,0,-9.100000381,-9.100000381,
684,00:53.4,42.47565667,-83.40365483,256.6,0,0,0,10000,-1,-0.149625823,0,0,-14.10000038,-14.10000038,
685,00:54.6,42.475658,-83.40368067,257,0,0,0,10000,-1,-0.14136976,-0.001016748,0,-9.949999809,-9.899999619,
686,00:55.9,42.47566483,-83.403704,257.5,0,0,0,10000,-1,-0.042297047,-0.116601586,0,-5,-4.300000191,
687,00:57.2,42.47567467,-83.4037225,257.8,0,0,0,10000,-1,-0.157881886,-0.14136976,0,-19.85000038,-17,
688,00:58.6,42.47568833,-83.4037375,258.1,0,0,0,143.2088928,-1,-0.166137949,0,0,-16.60000038,-16.60000038,
689,00:59.8,42.47570133,-83.4037465,258.7,0,0,0,10000,-1,-0.108345523,0,0,-11.60000038,-11.60000038,
690,01:01.2,42.47571217,-83.4037495,259.3,0,0,0,10000,0,0.009304932,0,0,0.899999976,0.899999976,
691,01:02.4,42.47572967,-83.403748,259.6,0,0,0,10000,0,0.075353414,0,0,8.300000191,8.300000191,
692,01:03.8,42.47575183,-83.403744,259.4,0,0,0,10000,0,0.157914013,-0.57068485,0,14.95000076,6.300000191,
693,01:05.0,42.47577133,-83.40374033,259.4,0,0,0,10000,0,0.215706423,0.397339731,0,21.5,30.10000038,
694,01:06.3,42.4757845,-83.4037355,260.2,0,0,0,10000,0,0.331291258,0.174426123,0,32.04999924,37.79999924,
695,01:07.6,42.47579733,-83.40372817,260.8,0,0,0,10000,0,0.422107935,0.075353414,0,36.625,41.79999924,
696,01:09.0,42.4758125,-83.40372133,261.2,0,0,0,10000,0,0.405595809,0.058841292,0,30.62499809,7,
697,01:10.2,42.47582833,-83.40371617,261.2,0,0,0,10000,0,0.422107935,0,0,35.44999695,28,
698,01:11.5,42.47584217,-83.4037115,261,0,0,0,10000,0,0.290010959,0.050585233,0,28.95000076,30.39999962,
699,01:12.9,42.47585683,-83.4037105,260.9,0,0,0,10000,0,0,0,0,22.39999771,22.29999924,
700,01:14.1,42.47587083,-83.4037145,260.4,0,0,0,10000,0,0.050585233,0.001048873,0,-0.050000001,0.100000001,
701,01:15.5,42.47588333,-83.4037225,260.2,0,0,0,10000,0,0.083609469,0.017560992,0,7.449999809,7.699999809,
702,01:16.7,42.47589833,-83.403729,259.9,0,0,0,10000,0,0.14965795,0.256986737,0,16.55000114,19.70000076,
703,01:18.0,42.47591467,-83.4037315,259.8,0,0,0,10000,0,0.133145824,0.562460959,0,18.97500038,43.40000153,
704,01:19.4,42.47593183,-83.40373317,259.4,0,0,0,10000,0,0.248730659,0.537692785,0,23.14999962,35.79999924,
705,01:20.6,42.47595,-83.40373417,259,0,0,0,10000,0,0.223962486,0.281754911,0,22.35000038,28.70000076,
706,01:22.0,42.47597117,-83.40373167,258.8,0,0,0,10000,0,0.248730659,0.298267037,0,24.80000114,32.20000076,
707,01:23.2,42.4759865,-83.40372317,258.6,0,0,0,10000,0,0.199194312,0.306523085,0,19.85000038,26.10000038,
708,01:24.6,42.47599583,-83.40370817,258.3,0,0,0,10000,0,0.215706423,0.372571558,0,21.54999924,29.39999962,
709,01:25.8,42.47600333,-83.40369067,258.3,0,0,0,10000,0,0,0.042329174,0,22.39999771,22.29999924,
710,01:27.2,42.4760065,-83.4036695,258.5,0,0,0,10000,0,0,0.050585233,0,22.64999962,22.5,
711,01:28.4,42.47600367,-83.40364633,258.5,0,0,0,10000,0,0,0.042329174,0,22.77499962,22.60000038,
712,01:29.7,42.47599833,-83.40362367,258.9,0,0,0,10000,0,0,0.050585233,0,22.89999771,22.79999924,
713,01:31.0,42.47599417,-83.4036005,258.9,0,0,0,10000,0,0,0.058841292,0,23,22.89999962,
714,01:32.4,42.47599,-83.40358017,258.9,0,0,0,10000,0,0,0.058841292,0,23.07500076,22.89999962,
715,01:33.6,42.47598683,-83.403563,258.7,0,0,0,10000,0,0,0.223962486,0,23.14999962,23,
716,01:35.0,42.47598117,-83.40354717,258.7,0,0,0,10000,0,0.017560992,0.958751798,0,12.52499962,1.799999952,
717,01:36.2,42.47597683,-83.40353533,258.8,0,0,0,10000,0,0.075353414,0.942239702,0,7.200000286,14.69999981,
718,01:37.6,42.47597633,-83.403531,258.8,0,0,0,10000,0,0.025817052,0.958751798,0,2.5,5,
719,01:38.8,42.47597733,-83.4035315,258.7,0,0,0,10000,0,0.124889769,0.050585233,0,12.44999981,13.10000038,
720,01:40.2,42.4759785,-83.403532,258.7,0,0,0,10000,0,0.124889769,0.413851857,0,12.35000038,14.80000019,
721,01:41.4,42.475979,-83.40353267,258.8,0,0,0,10000,0,0.182682186,0.067097351,0,20.70000076,21.89999962,
722,01:42.7,42.47597967,-83.40353217,258.9,0,0,0,10000,0,0.248730659,0.042329174,0,24.85000038,26.10000038,
723,01:44.0,42.47597367,-83.40352217,259.1,0,0,0,10000,0,0.240474612,0.001048873,0,23.20000076,23.60000038,
724,01:45.3,42.47596917,-83.40351133,259.7,0,0,0,10000,0,0.240474612,0.32303521,0,23.89999771,31.79999924,
725,01:46.6,42.47596783,-83.40350267,260,0,0,0,10000,0,0.290010959,0.001048873,0,24.47499847,27.79999924,
726,01:47.9,42.47596733,-83.4034965,260.3,0,0,0,10000,0,0.661533654,0.025817052,0,38.77500153,28.79999924,
727,01:49.2,42.47596783,-83.40349167,260.6,0,0,0,10000,0,0.32303521,0,0,27.125,31.39999962,
728,01:50.6,42.47596767,-83.40348633,260.8,0,0,0,10000,-1,-0.075321287,0,0,-5.800000191,-5.800000191,
729,01:51.8,42.4759685,-83.40348583,260.8,0,0,0,10000,0,0,0,0,0.899999976,0.899999976,
730,01:53.1,42.47596917,-83.40348533,260.8,0,0,0,10000,0,0.199194312,0,0,19,19,
731,01:54.4,42.47596983,-83.40348567,260.7,0,0,0,10000,0,0.256986737,0.025817052,0,24.07499886,25.70000076,
732,01:55.8,42.47597,-83.4034855,260.7,0,0,0,10000,0,0,0,0,21.60000038,21.5,
733,01:57.1,42.47597017,-83.4034855,260.7,0,0,0,10000,0,0,0,0,21.89999771,21.79999924,
734,01:58.3,42.4759705,-83.40348567,260.7,0,0,0,10000,0,0,0,0,22.07500076,21.89999962,
735,01:59.6,42.47597167,-83.40348283,260.7,0,0,0,10000,0,0,0,0,22.20000076,22.10000038,
736,02:01.0,42.47597067,-83.40347633,261.1,0,0,0,10000,0,0,0,0,22.34999847,22.20000076,
737,02:02.2,42.47597017,-83.40346983,261.5,0,0,0,10000,0,0,0,0,22.45000076,22.29999924,
738,02:03.5,42.4759715,-83.40346567,261.6,0,0,0,10000,0,0.067097351,0,0,3.400000095,3.400000095,
739,02:04.8,42.47597383,-83.40346017,261.6,0,0,0,10000,0,0.133145824,0,0,14.10000038,14.10000038,
740,02:06.2,42.47597533,-83.4034525,261.2,0,0,0,10000,0,0.166170076,0,0,5.800000191,5.800000191,
741,02:07.4,42.475978,-83.4034445,260.8,0,0,0,10000,0,0.314779133,0,0,30.60000038,30.60000038,
742,02:08.7,42.4759785,-83.40344417,260.7,0,0,0,10000,0,0.380827636,0,0,37.32499695,23.29999924,
743,02:10.0,42.47597917,-83.40344333,260.7,0,0,0,10000,-1,-0.017528867,0,0,-1.700000048,-1.700000048,
744,02:11.4,42.47597983,-83.40344317,260.6,0,0,0,10000,0,0.009304932,0,0,0.899999976,0.899999976,
745,02:12.6,42.47598033,-83.403443,260.6,0,0,0,10000,0,0.281754911,0,0,12.22500038,-28.10000038,
746,02:13.9,42.47598117,-83.4034425,260.6,0,0,0,10000,-1,-0.199162185,0,0,-18.20000076,-18.20000076,
747,02:15.2,42.475982,-83.4034415,260.5,0,0,0,10000,0,0.488156408,0,0,40.57500076,33.20000076,
748,02:16.6,42.47598283,-83.40344017,260.5,0,0,0,10000,-1,-0.017528867,0,0,-0.899999976,-0.899999976,
749,02:17.8,42.475983,-83.4034395,260.5,0,0,0,10000,0,0.314779133,0,0,30.47500038,27.70000076,
750,02:19.1,42.4759855,-83.40343967,261.4,0,0,0,10000,-1,-0.364283383,0,0,-18.30000114,25,
751,02:20.4,42.47599017,-83.40343933,261,0,0,0,10000,0,0.001048873,0,0,0,0.100000001,
752,02:21.8,42.4759955,-83.4034385,260.9,0,0,0,10000,0,0.009304932,0,0,0.899999976,0.899999976,
753,02:23.0,42.4760005,-83.40343467,260.3,0,0,0,10000,0,0,0,0,21.5,21.39999962,
754,02:24.3,42.4760055,-83.4034295,259.6,0,0,0,10000,0,0,0,0,21.625,21.5,
755,02:25.6,42.47601033,-83.40342567,258.6,0,0,0,10000,0,0,0,0,21.70000076,21.60000038,
756,02:26.9,42.47601217,-83.4034215,257.6,0,0,0,10000,0,0,0,0,21.79999924,21.70000076,
757,02:28.2,42.47601133,-83.40341817,256.8,0,0,0,10000,0,0.199194312,0.851423025,0,12.22499847,22.89999962,
758,02:29.5,42.47601167,-83.40341733,256.9,0,0,0,10000,-1,-0.083577342,0.042329174,0,-7.5,-7.800000191,
759,02:30.9,42.47601233,-83.403417,257,0,0,0,10000,0,0.124889769,0.050585233,0,13.25,14,
760,02:32.1,42.47601283,-83.40341683,257.1,0,0,0,10000,0,0.001048873,0.050585233,0,0.849999964,0.899999976,
761,02:33.4,42.47601333,-83.4034165,257.1,0,0,0,10000,-1,-0.075321287,0.050585233,0,-6.650000095,-6.900000095,
762,02:34.7,42.47601383,-83.40341633,257.2,0,0,0,10000,0,0,0.034073111,0,21.89999771,21.79999924,
763,02:36.0,42.47601817,-83.40341017,257.2,0,0,0,10000,0,0,0.034073111,0,22,21.89999962,
764,02:37.3,42.47601967,-83.40340133,258.5,0,0,0,10000,0,0.141401887,0.017560992,0,35.72500229,93.80000305,
765,02:38.6,42.47602067,-83.40339217,259,0,0,0,10000,0,0.001048873,0.050585233,0,10.875,0.100000001,
766,02:39.9,42.47602283,-83.40338567,259.3,0,0,0,10000,0,0.133145824,0.042329174,0,13.25,13.60000038,
767,02:41.2,42.476021,-83.4033855,259,0,0,0,10000,0,0.009304932,0.042329174,0,1.699999928,1.799999952,
768,02:42.5,42.47602,-83.40338483,259,0,0,0,10000,0,0.009304932,0.042329174,0,0.849999964,0.899999976,
769,02:43.8,42.47601867,-83.403384,259,0,0,0,10000,0,0.124889769,0.050585233,0,34.92499924,83.5,
770,02:45.1,42.47601767,-83.40338067,260,0,0,0,10000,0,-0.017528867,0,0,21.84999847,21.70000076,
771,02:46.5,42.476017,-83.40337933,259.9,0,0,0,10000,-1,-0.075321287,0,0,-7.5,-7.5,
772,02:47.7,42.476016,-83.403378,259.7,0,0,0,10000,-1,-0.001016748,0.141401887,0,22,21.89999962,
773,02:49.0,42.4760155,-83.4033765,259.6,0,0,0,10000,0,0,0.991776049,0,22.10000038,22,
774,02:50.3,42.47601483,-83.40337433,259.5,0,0,0,10000,-1,-0.116601586,0.488156408,0,-12.40000057,-18.39999962,
775,02:51.6,42.4760145,-83.40336683,259.5,0,0,0,10000,0,0.199194312,-0.694525778,0,20.70000076,6.5,
776,02:52.9,42.47601167,-83.40335417,258.9,0,0,0,10000,0,0.281754911,-0.537660658,0,29.75,12,
777,02:54.2,42.476008,-83.403341,258.6,0,0,0,10000,0,0.215706423,0,0,22,22.29999924,
778,02:55.5,42.47600867,-83.40333533,258,0,0,0,10000,0,0.430363983,-0.356027305,0,39.69999695,20.29999924,
779,02:56.8,42.476012,-83.40333517,257.3,0,0,0,10000,0,0,0,0,21.20000076,21.10000038,
780,02:58.1,42.47601583,-83.40333667,256.9,0,0,0,10000,-1,-0.149625823,0,0,-16.60000038,-16.60000038,
781,02:59.4,42.4760155,-83.40333633,256.9,0,0,0,10000,0,0.174426123,0.009304932,0,22.57500076,24,
782,03:00.7,42.47601533,-83.4033355,257.1,0,0,0,10000,-1,-0.265210658,0,0,-13.25,-26.5,
783,03:02.0,42.47601467,-83.40333433,257.1,0,0,0,10000,-1,-0.174393997,0,0,-14.10000038,-14.10000038,
784,03:03.3,42.47601483,-83.40333317,257.2,0,0,0,10000,-1,-0.223930359,0.157914013,0,-22.35000038,-23.70000076,
785,03:04.6,42.47601033,-83.40333417,257,0,0,0,10000,0,0.124889769,0.034073111,0,12.45000076,12.80000019,
786,03:05.9,42.4760105,-83.403333,257,0,0,0,10000,0,0.10837765,-1,0,21.77499962,20.20000076,
787,03:07.2,42.4760105,-83.40333183,257.1,0,0,0,10000,-1,-0.207418248,0,0,-16.875,-17.5,
788,03:08.6,42.4760105,-83.40333067,257.1,0,0,0,10000,-1,-0.124857642,0,0,-10.80000019,-10.80000019,
789,03:09.8,42.476017,-83.40332867,257.2,0,0,0,10000,0,0.017560992,0,0,1.700000048,1.700000048,
790,03:11.1,42.47602683,-83.4033235,256.9,0,0,0,10000,0,0.042329174,0,0,2.5,2.5,
791,03:12.4,42.47603683,-83.40331867,256.4,0,0,0,10000,0,0.133145824,0,0,10,10,
792,03:13.7,42.47604417,-83.40332033,256.2,0,0,0,10000,0,0.141401887,-0.595453024,0,4.400000572,-8.899999619,
793,03:15.0,42.47604583,-83.40332283,256.3,0,0,0,10000,-1,-0.240442485,0,0,-23.54999924,-24,
794,03:16.3,42.47604467,-83.403328,256.5,0,0,0,10000,-1,-0.034040987,0.694557905,0,-3.349999905,-5.699999809,
795,03:17.6,42.476041,-83.4033295,256.8,0,0,0,10000,0,0,0.009304932,0,21.10000038,21,
796,03:18.9,42.47603667,-83.403327,256.8,0,0,0,10000,0,0.034073111,0.017560992,0,-18.27499962,-92.80000305,
797,03:20.2,42.47603733,-83.40332433,256.8,0,0,0,10000,0,0.009304932,0.009304932,0,0.899999976,0.899999976,
798,03:21.5,42.47603783,-83.40332233,256.9,0,0,0,10000,0,0.009304932,0.017560992,0,0.899999976,0.899999976,
799,03:22.8,42.47603733,-83.40332033,257.1,0,0,0,10000,0,0.669789732,0.001048873,0,56.95000076,54.29999924,
800,03:24.1,42.47603283,-83.403325,257.5,0,0,0,10000,0,0.091865532,0.009304932,0,8.350000381,8.5,
801,03:25.4,42.476029,-83.40333467,257.9,0,0,0,10000,0,0.017560992,0.009304932,0,1.75,1.799999952,
802,03:26.7,42.47602767,-83.40334917,258.3,0,0,0,10000,0,0,0.001048873,0,21.20000076,21.10000038,
803,03:28.0,42.47603083,-83.40336467,258.6,0,0,0,10000,0,0.215706423,0.017560992,0,22.35000038,22.60000038,
804,03:29.3,42.47603417,-83.40337817,258.7,0,0,0,10000,0,0.32303521,-1,0,30.95000076,1,
805,03:30.6,42.47603583,-83.40338967,258.8,0,0,0,10000,-1,-0.331259131,0,0,-37.02500153,-16.70000076,
806,03:31.9,42.47603483,-83.4034,258.8,0,0,0,10000,-1,-0.017528867,0.933983624,0,-2.450000048,-4.900000095,
807,03:33.2,42.47603567,-83.4034105,258.8,0,0,0,10000,0,0.47990033,0.025817052,0,33.79999924,20.29999924,
808,03:34.5,42.47603617,-83.403421,258.9,0,0,0,10000,-1,-0.578940928,0.009304932,0,-44.47499847,-59.79999924,
809,03:35.8,42.47603583,-83.40342983,259.1,0,0,0,10000,-1,-0.479868203,0.017560992,0,-41.22500229,-38.29999924,
810,03:37.1,42.47603733,-83.403442,259.4,0,0,0,10000,0,0,0.017560992,0,19.625,19.5,
811,03:38.4,42.47603967,-83.40345783,259.6,0,0,0,10000,0,0,0.034073111,0,20.02499962,19.89999962,
812,03:39.7,42.476042,-83.40347217,259.5,0,0,0,109.9049683,0,0,0.009304932,0,20.25,20.10000038,
813,03:41.0,42.4760425,-83.40348733,259.4,0,0,0,10000,0,0,0.025817052,0,20.39999962,20.29999924,
814,03:42.3,42.4760425,-83.40350367,259.4,0,0,0,10000,0,0,0.042329174,0,20.5,20.39999962,
815,03:43.6,42.476042,-83.40351933,259.4,0,0,0,10000,0,0.017560992,-0.025784928,0,1.699999928,1.799999952,
816,03:44.9,42.47604033,-83.40353417,259.2,0,0,0,10000,0,0.133145824,0,0,6,-12.39999962,
817,03:46.2,42.47603783,-83.40354667,259.1,0,0,0,10000,0,0,-0.240442485,0,20.70000076,20.60000038,
818,03:47.5,42.47603433,-83.40355767,259.1,0,0,0,10000,0,0.009304932,-0.166137949,0,10.375,20.70000076,
819,03:48.8,42.47603217,-83.40356933,259,0,0,0,10000,0,0.017560992,-0.232186422,0,0.399999976,-1.299999952,
820,03:50.1,42.47603417,-83.40358317,258.6,0,0,0,10000,0,0.025817052,-0.372539431,0,-22.84999847,-94.90000153,
821,03:51.4,42.47603433,-83.40359583,258.9,0,0,0,10000,0,0.001048873,0,0,0,0.100000001,
822,03:52.7,42.4760345,-83.40360733,259.2,0,0,0,10000,0,0.001048873,0,0,-0.050000001,0.100000001,
823,03:54.0,42.476035,-83.40362183,259.5,0,0,0,10000,0,0.001048873,0,0,0,-0.100000001,
824,03:55.3,42.47603583,-83.40363733,259.5,0,0,0,10000,0,0.001048873,0,0,-0.050000001,0.100000001,
825,03:56.6,42.476038,-83.403652,259.3,0,0,0,10000,0,0.001048873,0,0,-0.050000001,-0.100000001,
826,03:57.9,42.47603867,-83.40366717,259.5,0,0,0,10000,0,0.001048873,0,0,0,0.100000001,
827,03:59.2,42.47603933,-83.40368283,259.7,0,0,0,10000,0,0.001048873,0,0,0,0.100000001,
828,04:00.5,42.47603883,-83.40369817,259.6,0,0,0,10000,0,0.009304932,0,0,-0.100000001,-0.100000001,
829,04:01.8,42.47603817,-83.40371267,259.4,0,0,0,10000,0,0.001048873,0,0,0,0.100000001,
830,04:03.1,42.4760385,-83.4037255,259.3,0,0,0,10000,0,0.240474612,0,0,23.20000076,23.20000076,
831,04:04.4,42.47603933,-83.40374017,259.2,0,0,0,10000,0,0.174426123,0,0,17.39999962,17.39999962,
832,04:05.7,42.476039,-83.4037535,259.2,0,0,0,10000,0,0.001048873,0,0,-0.050000001,0.100000001,
833,04:07.0,42.47603867,-83.403754,259.3,0,0,0,10000,0,0.017560992,0,0,1.700000048,1.700000048,
834,04:08.3,42.47603883,-83.4037545,259.4,0,0,0,10000,0,0.017560992,0,0,1.700000048,1.700000048,
835,04:09.6,42.47603833,-83.40375517,259.4,0,0,0,10000,0,0.133145824,0,0,13.30000019,13.30000019,
836,04:10.9,42.47603833,-83.40375583,259.5,0,0,0,10000,0,0.042329174,0,0,3.400000095,3.400000095,
837,04:12.2,42.4760385,-83.40375633,259.5,0,0,0,10000,0,0.009304932,0,0,0.899999976,0.899999976,
838,04:13.5,42.4760385,-83.40375683,259.5,0,0,0,10000,0,0.009304932,0,0,0.449999988,0.899999976,
839,04:14.8,42.47603867,-83.40375717,259.5,0,0,0,10000,0,0.009304932,0,0,0.899999976,0.899999976,
840,04:16.1,42.47603867,-83.40375783,259.6,0,0,0,10000,0,0.009304932,0,0,0.449999988,0.899999976,
841,04:17.4,42.47603883,-83.40375833,259.6,0,0,0,10000,0,0.009304932,0,0,0,0.100000001,
842,04:18.7,42.47603883,-83.40375867,259.6,0,0,0,10000,0,0.009304932,0,0,0.449999988,0.899999976,
843,04:20.0,42.476039,-83.403759,259.7,0,0,0,10000,0,0.017560992,0,0,1.700000048,1.700000048,
844,04:21.3,42.4760395,-83.403759,259.7,0,0,0,10000,0,0.124889769,0,0,12.39999962,12.39999962,
845,04:22.6,42.47603983,-83.4037595,259.7,0,0,0,10000,0,0.067097351,0.256986737,0,7.449999809,9.699999809,
846,04:23.9,42.47603967,-83.40376,259.8,0,0,0,10000,0,0.182682186,0.14965795,0,18.20000076,19,
847,04:25.2,42.47603983,-83.40376033,259.8,0,0,0,10000,0,0.190938249,-0.001016748,0,18.20000076,10.19999981,
848,04:26.5,42.47604017,-83.40376083,259.8,0,0,0,10000,0,0.190938249,0,0,19,19,
849,04:27.8,42.4760405,-83.403761,259.8,0,0,0,10000,0,0.042329174,0.397339731,0,4.150000095,5.800000191,
850,04:29.1,42.47604117,-83.40376117,259.9,0,0,0,10000,0,0.034073111,0.347803384,0,3.400000095,4.5,
851,04:30.4,42.47604167,-83.40376167,259.9,0,0,0,10000,0,0.075353414,-0.314747006,0,6.650000095,3.799999952,
852,04:31.7,42.47604217,-83.403762,259.9,0,0,0,10000,0,0.067097351,0.042329174,0,6.650000095,6.900000095,
853,04:33.0,42.47604267,-83.4037625,260,0,0,0,10000,0,0.067097351,0.017560992,0,6.650000095,6.800000191,
854,04:34.3,42.47605067,-83.40377733,259.2,0,0,0,10000,0,0.058841292,0.232218549,0,4.199999809,5.199999809,
855,04:35.6,42.47605717,-83.40379117,258.7,0,0,0,10000,0,0.083609469,0.248730659,0,9.149999619,11.39999962,
856,04:36.9,42.476061,-83.403803,258.3,0,0,0,10000,0,0.058841292,0.025817052,0,3.25,-6.800000191,
857,04:38.2,42.476062,-83.4038105,258,0,0,0,10000,0,0.240474612,0.034073111,0,21.5,22.60000038,
858,04:39.5,42.47606117,-83.40381267,257.6,0,0,0,10000,0,0.009304932,0.034073111,0,0.849999964,0.899999976,
859,04:40.8,42.4760585,-83.40381067,257.6,0,0,0,10000,0,0.009304932,0.034073111,0,0.899999976,0.899999976,
860,04:42.1,42.47605367,-83.40380583,257.7,0,0,0,10000,0,0.025817052,0.042329174,0,3.350000143,3.400000095,
861,04:43.4,42.47604633,-83.40380067,257.6,0,0,0,10000,0,0.133145824,0.034073111,0,12.44999981,12.89999962,
862,04:44.7,42.47603533,-83.40379417,257.5,0,0,0,10000,0,0.034073111,0.034073111,0,4.150000095,4.300000191,
863,04:46.0,42.47602233,-83.403788,257,0,0,0,10000,0,0.166170076,0.017560992,0,14.10000038,14.5,
864,04:47.3,42.47600783,-83.40378267,257,0,0,0,10000,0,0.248730659,0.025817052,0,24.85000038,25.70000076,
865,04:48.6,42.47599317,-83.4037755,256.9,0,0,0,10000,0,0.009304932,0.017560992,0,0.849999964,0.899999976,
866,04:49.9,42.475979,-83.4037685,256.9,0,0,0,10000,0,0.009304932,0.025817052,0,0.449999988,0.899999976,
867,04:51.2,42.47596783,-83.40376533,256.7,0,0,0,10000,0,0.001048873,0.034073111,0,0,0.100000001,
868,04:52.5,42.47595667,-83.4037615,256.5,0,0,0,10.08726311,0,0.009304932,0.025817052,0,-0.050000004,-0.100000001,
869,04:53.8,42.47594283,-83.40375683,256.5,0,0,0,10000,0,0.009304932,0.034073111,0,0.449999988,0.899999976,
870,04:55.1,42.4759295,-83.403754,256.2,0,0,0,10000,0,0.009304932,0.017560992,0,0.449999988,0.899999976,
871,04:56.4,42.4759195,-83.403754,255.7,0,0,0,10000,0,0.009304932,0,0,0.899999976,0.899999976,
872,04:57.7,42.47590917,-83.4037545,255.2,0,0,0,10000,0,0.001048873,0,0,0,0.100000001,
873,04:59.0,42.47589983,-83.40375367,255,0,0,0,10000,0,0.009304932,0,0,0,0.100000001,
874,05:00.3,42.47589117,-83.403754,255,0,0,0,10000,0,0.001048873,0,0,0.899999976,0.899999976,
875,05:01.6,42.47588083,-83.40375367,255.2,0,0,0,10000,0,0.009304932,0,0,0,0.100000001,
876,05:02.9,42.47586833,-83.40375333,255.3,0,0,0,10000,0,0,0,0,-0.100000001,-0.100000001,
877,05:04.2,42.47585433,-83.403753,255.3,0,0,0,10000,0,0.116633713,0,0,12.44999981,12.60000038,
878,05:05.5,42.47583983,-83.4037535,255.4,0,0,0,10000,0,0.174426123,0.001048873,0,17.39999962,16.60000038,