Timestamp,x,y
46:05.5,0.0000,0.0000
46:06.8,-0.1230,-0.3525
46:08.1,-0.2870,-0.7784
46:09.4,-0.4240,-1.2042
46:10.7,-0.5470,-1.6123
46:12.0,-0.5470,-1.7791
46:13.3,-0.5200,-2.0015
46:14.6,-0.6290,-2.4096
46:15.9,-0.7521,-2.8166
46:17.2,-0.8480,-3.2247
46:18.5,-0.9021,-3.4837
46:19.8,-1.2171,-4.6335
46:21.1,-1.2441,-5.4486
46:22.4,-1.3122,-6.0412
46:23.7,-1.3942,-6.5416
46:25.0,-1.4221,-7.0420
46:26.3,-1.2852,-7.4690
46:27.6,-1.3401,-7.7647
46:28.9,-1.4352,-8.0427
46:30.2,-1.5041,-8.2473
46:31.5,-1.6132,-8.4697
46:32.8,-1.6813,-8.6732
46:34.1,-1.7912,-8.9701
46:35.4,-1.4631,-8.8956
46:36.7,-1.2302,-9.1547
46:38.0,-1.2171,-9.1547
46:39.3,-1.3532,-9.4149
46:40.6,-1.3672,-9.5261
46:41.9,-1.3811,-9.6373
46:43.2,-1.3942,-9.6184
46:44.5,-1.4221,-9.7663
46:45.8,-1.4221,-9.7663
46:47.1,-1.4221,-9.8597
46:48.4,-1.5041,-10.0820
46:49.7,-1.1072,-10.2488
46:51.0,-0.5470,-10.6558
46:52.3,-0.0960,-10.8226
46:53.6,0.2050,-11.0083
46:54.9,0.5602,-10.9527
46:56.2,0.5191,-11.1384
46:57.5,0.5331,-11.3052
46:58.8,0.5462,-11.4342
47:00.1,0.5462,-11.4164
47:01.4,0.3281,-11.2863
47:02.7,0.2731,-11.5276
47:04.0,0.3002,-11.8234
47:05.3,0.0000,-12.0646
47:06.6,-0.3559,-12.4538
47:07.9,-0.5060,-12.6017
47:09.2,-0.5060,-12.7129
47:10.5,-0.1099,-12.9175
47:11.8,0.5741,-13.1577
47:13.1,0.4101,-13.0843
47:14.4,0.2731,-13.1766
47:15.7,0.2050,-13.2322
47:17.0,0.1361,-13.2689
47:18.3,0.1640,-13.2878
47:19.6,0.0951,-13.2878
47:20.9,-0.0549,-13.2322
47:22.2,-0.0549,-13.2689
47:23.5,-0.0549,-13.3067
47:24.8,-0.0410,-13.3245
47:26.1,-0.0279,-13.3623
47:27.4,0.0000,-13.4179
47:28.7,0.0410,-13.4357
47:30.0,0.2050,-12.4727
47:31.3,0.4511,-11.3786
47:32.6,0.6832,-10.5079
47:33.9,1.0252,-9.9519
47:35.2,1.3393,-9.8218
47:36.5,1.1613,-10.0075
47:37.8,1.1072,-10.1743
47:39.1,0.9292,-10.1376
47:40.4,0.7381,-10.2666
47:41.7,0.6151,-10.4523
47:43.0,0.3961,-10.5824
47:44.3,0.0951,-11.6010
47:45.6,-0.2460,-12.5839
47:46.9,-0.7381,-13.3067
47:48.2,-1.0662,-13.7326
47:49.5,-1.2991,-14.0295
47:50.8,-1.3122,-14.3630
47:52.1,-1.2171,-14.7700
47:53.4,-1.2441,-15.0480
47:54.7,-1.5041,-15.2526
47:56.0,-1.5861,-15.4194
47:57.3,-1.7633,-15.5862
47:58.6,-1.8182,-15.6596
47:59.9,-1.8732,-15.7708
48:01.2,-1.9413,-15.7897
48:02.5,-2.0233,-15.7341
48:03.8,-2.0503,-15.6974
48:05.1,-2.0782,-14.9190
48:06.4,-7.2172,-11.2863
48:07.7,-11.1817,-8.5987
48:09.0,-14.6263,-6.5605
48:10.3,-17.5377,-4.7814
48:11.6,-19.9161,-3.5582
48:12.9,-21.7204,-3.0946
48:14.2,-22.6636,-2.9467
48:15.5,-23.5928,-2.5575
48:16.8,-23.9069,-1.6868
48:18.1,-24.5360,-1.1675
48:19.4,-25.1650,-0.6861
48:20.7,-26.6412,0.1857
48:22.0,-27.8165,0.6116
48:23.3,-28.6637,0.4081
48:24.6,-29.6208,0.2224
48:25.9,-30.7009,0.0367
48:27.2,-31.5620,-0.1301
48:28.5,-31.9582,-0.2591
48:29.8,-32.4913,-0.3892
48:31.1,-33.2564,-0.5927
48:32.4,-33.5714,-0.9263
48:33.7,-34.0905,-1.0930
48:35.0,-34.8696,-1.0753
48:36.3,-36.0449,-0.8151
48:37.6,-36.9880,-0.9641
48:38.9,-37.3300,-0.7417
48:40.2,-37.6991,-0.4259
48:41.5,-37.9451,0.4081
48:42.8,-38.6972,0.9452
48:44.1,-39.3943,2.0760
48:45.4,-40.0225,3.0946
48:46.7,-40.5556,3.9285
48:48.0,-40.9936,4.5779
48:49.3,-41.2257,4.9482
48:50.6,-41.1986,5.1150
48:51.9,-41.1166,5.2073
48:53.2,-40.8837,5.0961
48:54.5,-40.5146,4.8003
48:55.8,-39.9135,4.5779
48:57.1,-39.7494,4.8181
48:58.4,-39.7634,5.2818
48:59.7,-40.5015,5.6709
49:01.0,-40.8156,6.8941
49:02.3,-41.8957,7.5613
49:03.6,-43.0849,7.9137
49:04.9,-44.3971,7.8581
49:06.2,-45.6954,7.8025
49:07.5,-47.1167,8.2095
49:08.8,-47.8548,9.3037
49:10.1,-48.4429,8.9323
49:11.4,-49.6050,8.4697
49:12.7,-50.0561,8.2840
49:14.0,-51.7373,8.2840
49:15.3,-52.8306,7.9137
49:16.6,-53.8147,7.2466
49:17.9,-55.0179,6.6906
49:19.2,-55.4279,6.5416
49:20.5,-56.1931,6.2458
49:21.8,-57.1773,6.3937
49:23.1,-58.1885,6.2080
49:24.4,-58.5576,6.0045
49:25.7,-59.4466,5.5964
49:27.0,-60.3209,4.7447
49:28.3,-61.1820,3.8173
49:29.6,-62.2892,3.0212
49:30.9,-63.2602,2.2606
49:32.2,-63.9295,1.6868
49:33.5,-64.8045,0.9085
49:34.8,-65.5287,0.6483
49:36.1,-66.2258,0.3525
49:37.4,-66.8688,0.0556
49:38.7,-67.1419,0.2969
49:40.0,-67.2649,0.9819
49:41.3,-67.3330,1.8158
49:42.6,-67.5110,1.9270
49:43.9,-67.7841,2.4652
49:45.2,-68.0711,3.0946
49:46.5,-68.1671,3.1502
49:47.8,-67.7570,3.6505
49:49.1,-67.3880,3.9285
49:50.4,-67.5380,4.1887
49:51.7,-67.6750,4.3733
49:53.0,-67.8251,4.5034
49:54.3,-68.0301,4.5590
49:55.6,-68.0441,4.3555
49:56.9,-68.0031,4.0030
49:58.2,-67.7710,2.9467
49:59.5,-67.7160,2.5575
50:00.8,-67.7710,2.0204
50:02.1,-67.7160,1.3899
50:03.4,-67.7570,-0.1479
50:04.7,-67.8390,-1.7980
50:06.0,-68.0990,-3.0390
50:07.3,-68.3172,-3.7617
50:08.6,-68.7551,-3.6138
50:09.9,-69.3013,-4.1509
50:11.2,-69.9984,-3.9841
50:12.5,-70.9145,-4.5957
50:13.8,-71.4886,-5.7265
50:15.1,-71.8577,-6.5972
50:16.4,-72.0627,-7.0242
50:17.7,-72.2267,-6.4126
50:19.0,-72.4867,-6.3014
50:20.3,-72.3768,-6.5972
50:21.6,-72.4457,-7.0609
50:22.9,-72.1447,-7.3389
50:24.2,-71.8306,-7.8025
50:25.5,-71.5977,-8.5253
50:26.8,-71.4476,-9.0624
50:28.1,-71.3656,-9.5072
50:29.4,-71.3107,-10.0998
50:30.7,-71.3927,-10.5635
50:32.0,-71.4747,-11.7867
50:33.3,-71.4886,-12.2681
50:34.6,-71.4066,-13.3434
50:35.9,-71.3656,-13.7515
50:37.2,-71.6387,-13.5658
50:38.5,-72.0217,-13.3434
50:39.8,-72.2948,-13.4546
50:41.1,-72.6508,-14.6966
50:42.4,-73.1428,-15.3449
50:43.7,-73.6070,-14.1585
50:45.0,-73.5800,-13.9917
50:46.3,-73.5800,-13.8249
50:47.6,-73.7030,-13.4735
50:48.9,-73.7850,-14.4553
50:50.2,-74.0310,-15.1225
50:51.5,-75.0833,-15.8453
50:52.8,-75.9854,-15.5862
50:54.1,-76.5325,-16.6047
50:55.4,-77.8857,-16.4202
50:56.7,-80.1000,-16.7537
50:58.0,-82.7245,-18.2916
50:59.3,-84.7067,-19.2556
51:00.6,-85.3218,-18.7919
51:01.9,-86.1141,-19.4780
51:03.2,-86.7981,-20.0518
51:04.5,-87.3722,-20.5344
51:05.8,-87.7954,-20.9969
51:07.1,-88.1373,-21.4050
51:08.4,-88.3563,-21.8865
51:09.7,-88.0553,-22.2390
51:11.0,-87.8093,-22.5359
51:12.3,-87.4952,-22.9062
51:13.6,-86.9892,-23.3876
51:14.9,-86.5930,-23.9814
51:16.2,-86.1280,-25.4447
51:17.5,-85.6359,-25.9829
51:18.8,-85.4170,-26.4088
51:20.1,-85.1578,-26.8536
51:21.4,-84.8839,-27.1683
51:22.7,-85.1849,-27.5763
51:24.0,-85.4719,-27.9288
51:25.3,-86.2781,-28.4848
51:26.6,-86.7431,-29.2632
51:27.9,-87.2352,-30.3929
51:29.2,-87.9184,-31.9685
51:30.5,-88.2743,-32.4878
51:31.8,-88.4925,-32.3577
51:33.1,-88.7254,-32.3210
51:34.4,-88.7935,-32.4878
51:35.7,-88.9165,-32.8214
51:37.0,-89.2035,-33.2284
51:38.3,-89.5996,-33.4141
51:39.6,-89.8186,-33.6365
51:40.9,-89.1896,-34.5816
51:42.2,-88.6294,-34.4148
51:43.5,-87.6863,-35.5635
51:44.8,-87.2623,-35.3044
51:46.1,-86.9752,-34.6561
51:47.4,-85.7860,-34.0256
51:48.7,-84.3647,-33.8033
51:50.0,-82.9844,-33.3952
51:51.3,-81.5902,-32.9882
51:52.6,-80.2370,-32.4500
51:53.9,-78.8698,-31.9129
51:55.2,-77.5027,-31.3570
51:56.5,-76.1494,-30.7454
51:57.8,-74.0310,-29.5223
51:59.1,-72.0217,-28.4103
52:00.4,-69.3833,-27.6875
52:01.7,-66.0618,-27.4651
52:03.0,-62.4261,-26.9648
52:04.3,-59.0086,-25.7049
52:05.6,-56.4392,-24.8154
52:06.9,-54.4708,-23.7768
52:08.2,-52.7625,-22.9618
52:09.5,-51.3273,-22.0166
52:10.8,-49.8781,-21.0903
52:12.1,-48.4158,-20.2008
52:13.4,-47.0216,-19.2923
52:14.7,-45.5995,-18.4217
52:16.0,-44.2741,-17.8101
52:17.3,-42.6338,-16.9761
52:18.6,-41.2938,-16.2712
52:19.9,-39.6814,-15.3449
52:21.2,-38.0821,-14.4742
52:22.5,-36.3319,-13.7515
52:23.8,-34.6507,-13.1210
52:25.1,-32.5183,-12.4727
52:26.4,-30.5779,-11.9535
52:27.7,-28.5275,-10.8782
52:29.0,-26.9283,-10.1932
52:30.3,-24.2079,-9.4149
52:31.6,-22.5127,-8.6921
52:32.9,-20.6403,-7.8948
52:34.2,-19.2732,-6.8196
52:35.5,-17.0457,-4.2621
52:36.8,-14.9674,-2.8166
52:38.1,-12.9311,-2.1316
52:39.4,-11.0037,-1.3899
52:40.7,-8.8304,-0.5004
52:42.0,-7.4911,0.3147
52:43.3,-6.8350,0.4815
52:44.6,-6.0009,0.6483
52:45.9,-5.5359,1.0197
52:47.2,-5.3309,1.7235
52:48.5,-5.1668,1.7046
52:49.8,-5.2218,1.7791
52:51.1,-5.2628,1.8714
52:52.4,-5.2079,1.8158
52:53.7,-5.1668,1.8536
52:55.0,-5.0168,1.8903
52:56.3,-4.9208,2.0204
52:57.6,-4.8388,2.1127
52:58.9,-4.7158,2.3351
53:00.2,-4.6887,2.5575
53:01.5,-4.6067,2.7799
53:02.8,-4.5517,3.0212
53:04.1,-4.5107,3.2057
53:05.4,-4.4427,3.2247
53:06.7,-4.2647,3.9285
53:08.0,-4.1556,4.6513
53:09.3,-4.1417,5.3563
53:10.6,-4.1146,5.8933
53:11.9,-4.0875,5.9300
53:13.2,-4.0597,5.9489
53:14.5,-4.0597,5.9300
53:15.8,-4.0465,5.9122
53:17.1,-4.0326,5.8933
53:18.4,-4.0326,5.9122
53:19.7,-4.0465,5.9122
53:21.0,-4.0597,5.8933
53:22.3,-4.0875,5.8933
53:23.6,-4.1286,5.8566
53:24.9,-4.1696,5.8377
53:26.2,-4.2237,5.8188
53:27.5,-4.2786,5.7454
53:28.8,-4.3196,5.7265
53:30.1,-4.3336,5.6898
53:31.4,-4.3746,5.6709
53:32.7,-4.4017,5.6342
53:34.0,-4.4156,5.5786
53:35.3,-4.4287,5.5231
53:36.6,-4.4427,5.4852
53:37.9,-4.4837,5.4119
53:39.2,-4.4697,5.3563
53:40.5,-4.4837,5.3185
53:41.8,-4.4837,5.2629
53:43.1,-4.4976,5.2073
53:44.4,-4.4976,5.1150
53:45.7,-4.5107,5.0783
53:47.0,-4.5928,6.1524
53:48.3,-4.6477,6.0601
53:49.6,-4.5657,6.1713
53:50.9,-4.5517,6.2080
53:52.2,-4.5796,6.0234
53:53.5,-4.5928,5.9856
53:54.8,-4.5928,5.9300
53:56.1,-4.6067,5.8933
53:57.4,-4.6067,5.8377
53:58.7,-4.5928,5.7821
54:00.0,-4.5928,5.7076
54:01.3,-4.5796,5.6709
54:02.6,-4.5928,5.6342
54:03.9,-4.5928,5.5964
54:05.2,-4.6067,5.5408
54:06.5,-4.1556,4.5223
54:07.8,-3.5676,3.4470
54:09.1,-3.1034,2.6131
54:10.4,-2.8573,2.1316
54:11.7,-2.7753,1.5567
54:13.0,-2.5834,1.1309
54:14.3,-2.5703,1.1119
54:15.6,-2.5974,1.1309
54:16.9,-2.6113,1.1119
54:18.2,-2.6113,1.1119
54:19.5,-2.6384,1.1486
54:20.8,-2.6654,1.1675
54:22.1,-2.6794,1.1864
54:23.4,-3.3084,1.9648
54:24.7,-3.3494,2.0204
54:26.0,-3.3625,2.0760
54:27.3,-3.3765,2.1683
54:28.6,-3.3765,2.2984
54:29.9,-2.9115,1.9270
54:31.2,-2.1463,1.4822
54:32.5,-1.6813,1.4822
54:33.8,-1.7362,1.6312
54:35.1,-1.0801,1.7046
54:36.4,-1.0941,1.7791
54:37.7,-1.1351,1.8158
54:39.0,-1.2171,1.8536
54:40.3,-0.0139,1.1864
54:41.6,0.9842,1.1675
54:42.9,1.2023,1.2042
54:44.2,0.9432,1.1486
54:45.5,0.8333,1.1675
54:46.8,0.6692,1.1864
54:48.1,0.5872,1.2787
54:49.4,0.5462,1.2976
54:50.7,0.5331,1.2787
54:52.0,0.5052,1.2231
54:53.3,0.5191,1.1675
54:54.6,0.4921,1.1309
54:55.9,0.5191,1.0753
54:57.2,0.5191,1.0008
54:58.5,0.5331,0.9263
54:59.8,0.4921,0.9085
55:01.1,0.4642,0.8896
55:02.4,-0.0549,0.8340
55:03.7,-0.5741,0.7973
55:05.0,-1.0391,0.8340
55:06.3,-1.6682,1.0930
55:07.6,-2.2144,1.7424
55:08.9,-2.1192,3.0768
55:10.2,-0.7660,4.0219
55:11.5,1.3803,3.9474
55:12.8,3.1575,2.9467
55:14.1,3.2666,0.9641
55:15.4,1.3532,0.1857
55:16.7,-0.5060,1.4644
55:18.0,-1.5583,2.1316
55:19.3,-1.8863,2.7610
55:20.6,-1.7772,2.9100
55:21.9,-1.2031,2.9656
55:23.2,-0.3691,3.0946
55:24.5,0.6012,3.2436
55:25.8,2.1045,3.3914
55:27.1,3.2116,3.4470
55:28.4,2.7606,3.2803
55:29.7,1.8314,3.1135
55:31.0,1.0112,2.9656
55:32.3,0.3002,2.8544
55:33.6,0.1501,2.9467
55:34.9,0.0271,3.0023
55:36.2,-0.1370,3.0579
55:37.5,-0.7381,4.3177
55:38.8,-0.5331,5.8010
55:40.1,0.3141,7.0053
55:41.4,1.0252,7.4134
55:42.7,1.7633,6.8018
55:44.0,2.7745,5.6898
55:45.3,2.8836,4.2621
55:46.6,2.3915,2.6687
55:47.9,1.6673,1.2976
55:49.2,0.7791,0.9819
55:50.5,0.6692,0.9641
55:51.8,0.5872,0.9452
55:53.1,0.4511,0.9085
55:54.4,0.3141,0.8340
55:55.7,0.1911,0.7228
55:57.0,0.0681,0.6861
55:58.3,-0.0410,0.6305
55:59.6,-0.1370,0.5749
56:00.9,-0.2329,0.5193
56:02.2,-0.3149,0.4448
56:03.5,-0.3969,0.4637
56:04.8,-0.4650,0.4448
56:06.1,-0.5331,0.4081
56:07.4,-0.6151,0.3703
56:08.7,-0.7111,0.3147
56:10.0,-0.8070,0.2591
56:11.3,-1.7362,0.8151
56:12.6,-2.7474,1.3710
56:13.9,-3.5266,1.8347
56:15.2,-4.0597,2.4463
56:16.5,-4.4837,3.2436
56:17.8,-4.9487,4.0030
56:19.1,-5.3448,4.3555
56:20.4,-5.7139,4.8559
56:21.7,-5.9460,5.4852
56:23.0,-6.4381,6.6350
56:24.3,-6.8760,7.6724
56:25.6,-7.2172,8.5809
56:26.9,-7.5862,9.5439
56:28.2,-7.6961,10.4334
56:29.5,-7.8733,11.2863
56:30.8,-8.1062,12.1947
56:32.1,-8.3933,13.1955
56:33.4,-8.6114,14.2519
56:34.7,-8.6803,14.9924
56:36.0,-8.5163,15.5484
56:37.3,-8.2563,16.3457
56:38.6,-8.0783,17.4209
56:39.9,-8.1743,19.0143
56:41.2,-8.3244,20.4410
56:42.5,-8.3793,21.6085
56:43.8,-8.2292,22.5915
56:45.1,-8.0652,23.7768
56:46.4,-7.8462,25.0745
56:47.7,-7.9143,26.3899
56:49.0,-7.9553,27.6130
56:50.3,-7.9832,28.9296
56:51.6,-7.8733,30.3373
56:52.9,-7.7371,31.8384
56:54.2,-7.7232,33.3029
56:55.5,-7.8462,34.6928
56:56.8,-7.9832,35.9527
56:58.1,-8.3654,37.1758
56:59.4,-8.8304,38.3622
57:00.7,-9.2675,39.3074
57:02.0,-9.8285,40.1047
57:03.3,-10.4977,41.0120
57:04.6,-11.1538,42.1062
57:05.9,-12.0150,42.7355
57:07.2,-13.3682,42.6244
57:08.5,-15.0773,42.6799
57:09.8,-16.6897,42.9401
57:11.1,-18.1799,42.9212
57:12.4,-19.6291,42.7544
57:13.7,-21.1734,42.6244
57:15.0,-22.6767,42.3286
57:16.3,-24.1669,41.9761
57:17.6,-25.6702,41.8460
57:18.9,-27.0374,41.6614
57:20.2,-28.1585,41.6792
57:21.5,-29.6889,41.7537
57:22.8,-31.5481,41.9761
57:24.1,-33.0383,42.1618
57:25.4,-34.4325,42.1985
57:26.7,-35.7037,42.2174
57:28.0,-36.9880,41.7348
57:29.3,-37.9312,41.1232
57:30.6,-38.7513,40.4005
57:31.9,-39.7084,39.8078
57:33.2,-40.5556,39.5298
57:34.5,-41.5537,39.5665
57:35.8,-42.5789,39.5665
57:37.1,-43.6041,39.7889
57:38.4,-44.7252,40.3638
57:39.7,-45.7094,40.8641
57:41.0,-46.5295,41.4390
57:42.3,-47.4587,41.8093
57:43.6,-48.6069,41.5869
57:44.9,-49.7280,40.8452
57:46.2,-50.4382,39.7522
57:47.5,-50.9172,38.5846
57:48.8,-51.5044,37.4171
57:50.1,-52.1195,36.3051
57:51.4,-52.5706,35.0631
57:52.7,-52.8986,33.8778
57:54.0,-53.0627,32.8214
57:55.3,-53.0766,31.7272
57:56.6,-53.0766,30.5975
57:57.9,-53.1176,29.6145
57:59.2,-53.0906,28.7628
58:00.5,-52.8986,27.8176
58:01.8,-52.7215,26.5756
58:03.1,-52.5575,25.3524
58:04.4,-52.5165,24.4262
58:05.7,-52.7076,23.6289
58:07.0,-53.1726,22.7205
58:08.3,-53.5958,21.7019
58:09.6,-53.9378,20.7012
58:10.9,-54.2248,20.0896
58:12.2,-54.4569,19.6448
58:13.5,-54.5668,18.9587
58:14.8,-54.5389,18.1993
58:16.1,-54.4159,17.3464
58:17.4,-54.4028,16.3268
58:18.7,-54.4848,15.2526
58:20.0,-54.5529,14.1963
58:21.2,-54.4298,13.3245
58:22.6,-53.8147,12.4171
58:23.8,-53.2136,11.8056
58:25.2,-52.8035,11.6944
58:26.4,-52.3934,11.1940
58:27.8,-52.1605,9.9886
58:29.0,-52.1605,8.5620
58:30.4,-52.0514,7.1532
58:31.6,-51.6143,5.7454
58:33.0,-50.8623,4.7814
58:34.2,-49.8100,4.3733
58:35.6,-48.6340,3.7061
58:36.8,-47.3767,3.4470
58:38.2,-45.9144,3.4659
58:39.4,-44.3971,3.5771
58:40.8,-42.9480,3.7806
58:42.1,-41.5398,3.9285
58:43.4,-40.4326,4.2443
58:44.7,-39.3664,4.5223
58:46.0,-37.9312,4.8003
58:47.2,-36.4140,4.9115
58:48.6,-35.0476,4.8181
58:49.8,-33.2023,4.7447
58:51.2,-31.1651,4.8737
58:52.5,-29.4978,5.0038
58:53.8,-28.1175,5.0961
58:55.0,-26.6273,5.1895
58:56.4,-25.1781,5.0227
58:57.7,-23.8528,4.8003
58:58.9,-22.6086,4.4667
59:00.3,-21.3645,4.0397
59:01.5,-20.1343,3.9285
59:02.9,-19.1780,4.0397
59:04.1,-18.3579,4.2065
59:05.5,-17.3868,4.2443
59:06.7,-16.0205,4.1887
59:08.1,-14.7493,4.3177
59:09.3,-13.3682,4.2810
59:10.7,-11.9198,4.1509
59:12.0,-10.6207,4.0219
59:13.3,-9.3774,3.8918
59:14.6,-8.1603,3.7439
59:15.8,-6.8621,3.8173
59:17.2,-5.3038,4.0219
59:18.4,-3.8956,4.1331
59:19.8,-2.8163,4.2443
59:21.0,-1.9552,4.4478
59:22.4,-1.2712,4.4289
59:23.6,-0.7660,4.1331
59:25.0,-0.2460,3.8173
59:26.3,0.2592,3.5582
59:27.5,0.7652,3.3548
59:28.9,1.1613,3.2803
59:30.2,1.1613,3.1880
59:31.5,1.1753,3.1324
59:32.7,1.2163,3.0946
59:34.1,1.7904,2.5575
59:35.3,2.4194,2.0760
59:36.7,2.4604,2.0015
59:37.9,2.5145,1.9092
59:39.2,2.5834,1.8714
59:40.6,2.6376,1.7980
59:41.9,2.6786,1.7602
59:43.1,2.7335,1.7235
59:44.5,2.7745,1.6679
59:45.7,2.8016,1.6312
59:47.1,2.8295,1.5934
59:48.3,2.8705,1.5567
59:49.7,3.3625,1.0930
59:50.9,3.9366,0.5004
59:52.3,4.4287,-0.0189
59:53.5,5.0299,-0.2035
59:54.9,5.6450,-0.3525
59:56.1,6.2461,-0.5193
59:57.5,6.8202,-1.0008
59:58.7,6.8752,-1.0374
00:00.1,6.9162,-1.0374
00:01.3,6.9843,-1.0564
00:02.7,7.1212,-2.4652
00:03.9,7.4353,-3.7439
00:05.3,7.9004,-4.2254
00:06.5,8.4744,-4.0397
00:07.8,9.0346,-3.5582
00:09.2,9.5136,-2.9100
00:10.4,10.2377,-2.2050
00:11.8,11.0849,-1.8714
00:13.0,11.6590,-1.7424
00:14.4,11.8780,-1.4088
00:15.7,11.6049,-0.7228
00:16.9,11.3039,-0.0923
00:18.2,11.2219,0.2413
00:19.6,10.9078,0.3336
00:20.8,10.1967,0.5004
00:22.2,8.8985,0.9085
00:23.4,7.1352,1.2976
00:24.8,5.2349,1.6868
00:26.0,3.1296,1.9648
00:27.4,0.7652,2.1127
00:28.6,-2.0233,2.2984
00:30.0,-4.8388,2.4096
00:31.2,-7.5321,2.1127
00:32.6,-10.2386,1.8714
00:33.8,-12.8900,1.5378
00:35.2,-15.3915,1.3154
00:36.4,-17.7838,1.0008
00:37.7,-20.2442,0.9452
00:39.1,-22.9096,1.0374
00:40.3,-25.5751,1.2787
00:41.7,-28.0625,1.5200
00:43.0,-30.3728,1.6679
00:44.3,-32.4773,2.0571
00:45.5,-34.5006,2.2795
00:46.9,-36.5509,1.8903
00:48.1,-38.7653,1.1864
00:49.5,-40.8837,0.6305
00:50.8,-43.0439,0.4081
00:52.0,-45.0803,0.1668
00:53.4,-46.9937,-0.2035
00:54.6,-49.1129,-0.0556
00:55.9,-51.0263,0.7039
00:57.2,-52.5435,1.7980
00:58.6,-53.7737,3.3169
00:59.8,-54.5119,4.7625
01:01.2,-54.7579,5.9678
01:02.4,-54.6349,7.9137
01:03.8,-54.3068,10.3778
01:05.0,-54.0058,12.5461
01:06.3,-53.6097,14.0106
01:07.6,-53.0085,15.4372
01:09.0,-52.4476,17.1240
01:10.2,-52.0244,18.8842
01:11.5,-51.6414,20.4232
01:12.9,-51.5594,22.0533
01:14.1,-51.8874,23.6100
01:15.5,-52.5435,25.0000
01:16.7,-53.0766,26.6679
01:18.0,-53.2817,28.4848
01:19.4,-53.4186,30.3929
01:20.6,-53.5006,32.4133
01:22.0,-53.2956,34.7673
01:23.2,-52.5985,36.4719
01:24.6,-51.3683,37.5094
01:25.8,-49.9330,38.3433
01:27.2,-48.1968,38.6958
01:28.4,-46.2966,38.3812
01:29.7,-44.4381,37.7874
01:31.0,-42.5379,37.3248
01:32.4,-40.8706,36.8611
01:33.6,-39.4624,36.5086
01:35.0,-38.1641,35.8793
01:36.2,-37.1931,35.3967
01:37.6,-36.8380,35.3411
01:38.8,-36.8790,35.4523
01:40.2,-36.9200,35.5824
01:41.4,-36.9749,35.6380
01:42.7,-36.9339,35.7125
01:44.0,-36.1138,35.0453
01:45.3,-35.2248,34.5449
01:46.6,-34.5145,34.3959
01:47.9,-34.0085,34.3403
01:49.2,-33.6124,34.3959
01:50.6,-33.1744,34.3781
01:51.8,-33.1334,34.4704
01:53.1,-33.0924,34.5449
01:54.4,-33.1203,34.6183
01:55.8,-33.1064,34.6372
01:57.1,-33.1064,34.6561
01:58.3,-33.1203,34.6928
01:59.6,-32.8874,34.8229
02:01.0,-32.3543,34.7117
02:02.2,-31.8212,34.6561
02:03.5,-31.4800,34.8040
02:04.8,-31.0290,35.0631
02:06.2,-30.3999,35.2299
02:07.4,-29.7438,35.5268
02:08.7,-29.7167,35.5824
02:10.0,-29.6478,35.6569
02:11.4,-29.6347,35.7303
02:12.6,-29.6208,35.7859
02:13.9,-29.5798,35.8793
02:15.2,-29.4978,35.9716
02:16.6,-29.3887,36.0639
02:17.8,-29.3337,36.0828
02:19.1,-29.3477,36.3607
02:20.4,-29.3198,36.8800
02:21.8,-29.2517,37.4727
02:23.0,-28.9376,38.0287
02:24.3,-28.5136,38.5846
02:25.6,-28.1995,39.1217
02:26.9,-27.8575,39.3263
02:28.2,-27.5844,39.2329
02:29.5,-27.5155,39.2707
02:30.9,-27.4884,39.3441
02:32.1,-27.4745,39.3997
02:33.4,-27.4474,39.4553
02:34.7,-27.4335,39.5109
02:36.0,-26.9283,39.9935
02:37.3,-26.2033,40.1603
02:38.6,-25.4520,40.2715
02:39.9,-24.9190,40.5116
02:41.2,-24.9050,40.3082
02:42.5,-24.8501,40.1970
02:43.8,-24.7820,40.0491
02:45.1,-24.5089,39.9379
02:46.5,-24.3990,39.8634
02:47.7,-24.2899,39.7522
02:49.0,-24.1669,39.6966
02:50.3,-23.9889,39.6221
02:51.6,-23.3738,39.5854
02:52.9,-22.3355,39.2707
02:54.2,-21.2554,38.8626
02:55.5,-20.7904,38.9371
02:56.8,-20.7773,39.3074
02:58.1,-20.9003,39.7333
02:59.4,-20.8724,39.6966
03:00.7,-20.8043,39.6777
03:02.0,-20.7084,39.6043
03:03.3,-20.6132,39.6221
03:04.6,-20.6953,39.1217
03:05.9,-20.5993,39.1406
03:07.2,-20.5034,39.1406
03:08.6,-20.4082,39.1406
03:09.8,-20.2442,39.8634
03:11.1,-19.8202,40.9564
03:12.4,-19.4241,42.0684
03:13.7,-19.5602,42.8845
03:15.0,-19.7652,43.0691
03:16.3,-20.1892,42.9401
03:17.6,-20.3123,42.5321
03:18.9,-20.1072,42.0506
03:20.2,-19.8883,42.1240
03:21.5,-19.7242,42.1796
03:22.8,-19.5602,42.1240
03:24.1,-19.9432,41.6236
03:25.4,-20.7363,41.1977
03:26.7,-21.9255,41.0498
03:28.0,-23.1967,41.4012
03:29.3,-24.3039,41.7726
03:30.6,-25.2470,41.9572
03:31.9,-26.0942,41.8460
03:33.2,-26.9553,41.9394
03:34.5,-27.8165,41.9950
03:35.8,-28.5407,41.9572
03:37.1,-29.5388,42.1240
03:38.4,-30.8370,42.3842
03:39.7,-32.0131,42.6433
03:41.0,-33.2564,42.6989
03:42.3,-34.5965,42.6989
03:43.6,-35.8809,42.6433
03:44.9,-37.0979,42.4576
03:46.2,-38.1231,42.1796
03:47.5,-39.0253,41.7904
03:48.8,-39.9815,41.5502
03:50.1,-41.1166,41.7726
03:51.4,-42.1549,41.7904
03:52.7,-43.0980,41.8093
03:54.0,-44.2872,41.8649
03:55.3,-45.5584,41.9572
03:56.6,-46.7616,42.1985
03:57.9,-48.0057,42.2730
03:59.2,-49.2901,42.3464
04:00.5,-50.5481,42.2908
04:01.8,-51.7373,42.2174
04:03.1,-52.7896,42.2541
04:04.4,-53.9927,42.3464
04:05.7,-55.0859,42.3097
04:07.0,-55.1270,42.2730
04:08.3,-55.1680,42.2908
04:09.6,-55.2229,42.2352
04:10.9,-55.2770,42.2352
04:12.2,-55.3180,42.2541
04:13.5,-55.3590,42.2541
04:14.8,-55.3869,42.2730
04:16.1,-55.4411,42.2730
04:17.4,-55.4821,42.2908
04:18.7,-55.5100,42.2908
04:20.0,-55.5370,42.3097
04:21.3,-55.5370,42.3653
04:22.6,-55.5780,42.4020
04:23.9,-55.6190,42.3842
04:25.2,-55.6461,42.4020
04:26.5,-55.6871,42.4398
04:27.8,-55.7010,42.4765
04:29.1,-55.7150,42.5510
04:30.4,-55.7560,42.6066
04:31.7,-55.7831,42.6622
04:33.0,-55.8241,42.7178
04:34.3,-57.0403,43.6073
04:35.6,-58.1754,44.3301
04:36.9,-59.1456,44.7560
04:38.2,-59.7607,44.8672
04:39.5,-59.9387,44.7749
04:40.8,-59.7747,44.4780
04:42.1,-59.3777,43.9409
04:43.4,-58.9545,43.1247
04:44.7,-58.4214,41.9016
04:46.0,-57.9154,40.4561
04:47.3,-57.4783,38.8437
04:48.6,-56.8902,37.2136
04:49.9,-56.3161,35.6380
04:51.2,-56.0562,34.3959
04:52.5,-55.7421,33.1550
04:53.8,-55.3590,31.6161
04:55.1,-55.1270,30.1338
04:56.4,-55.1270,29.0219
04:57.7,-55.1680,27.8732
04:59.0,-55.0999,26.8347
05:00.3,-55.1270,25.8717
05:01.6,-55.0999,24.7220
05:02.9,-55.0720,23.3320
05:04.2,-55.0449,21.7753
05:05.5,-55.0859,20.1630
